ip1,ip2,port1,port2,proto,pkts12,pkts21,bytes12,bytes21,etime,class,app,entity1,entity2,part1,part2,link_label
192.168.7.47,202.106.0.20,62587,53,17,1,1,56,288,1525251601,8,916,192.168.7.47_62587,202.106.0.20_53,1,1,1_1
192.168.7.185,114.114.114.114,61072,53,17,1,1,64,178,1525251601,8,916,192.168.7.185_61072,114.114.114.114_53,3,3,3_3
192.168.7.219,202.106.0.20,60645,53,17,1,1,69,235,1525251600,8,916,192.168.7.219_60645,202.106.0.20_53,1,1,1_1
192.168.6.237,202.106.0.20,52878,53,17,1,1,82,534,1525251600,8,916,192.168.6.237_52878,202.106.0.20_53,3,1,1_3
192.168.6.237,202.106.0.20,55381,53,17,1,1,74,526,1525251600,8,916,192.168.6.237_55381,202.106.0.20_53,3,1,1_3
192.168.6.237,202.106.0.20,50629,53,17,1,1,72,139,1525251601,8,916,192.168.6.237_50629,202.106.0.20_53,3,1,1_3
192.168.7.49,8.8.8.8,50326,53,17,1,1,71,126,1525251602,8,916,192.168.7.49_50326,8.8.8.8_53,4,4,4_4
192.168.7.49,8.8.8.8,59329,53,17,1,1,71,126,1525251602,8,916,192.168.7.49_59329,8.8.8.8_53,4,4,4_4
192.168.7.47,202.106.0.20,60481,53,17,1,1,52,284,1525251601,8,916,192.168.7.47_60481,202.106.0.20_53,1,1,1_1
192.168.7.49,202.106.0.20,50326,53,17,1,1,71,126,1525251602,8,916,192.168.7.49_50326,202.106.0.20_53,4,1,1_4
192.168.7.49,202.106.0.20,59329,53,17,1,1,71,126,1525251602,8,916,192.168.7.49_59329,202.106.0.20_53,4,1,1_4
192.168.7.49,202.106.0.20,63801,53,17,1,1,71,126,1525251602,8,916,192.168.7.49_63801,202.106.0.20_53,4,1,1_4
192.168.6.238,202.106.0.20,55974,53,17,1,1,71,126,1525251601,8,916,192.168.6.238_55974,202.106.0.20_53,1,1,1_1
192.168.1.19,163.44.166.218,9213,443,6,4,4,979,184,1525251603,8,913,192.168.1.19_9213,163.44.166.218_443,6,6,6_6
192.168.7.222,202.106.0.20,60062,53,17,1,1,71,126,1525251600,8,916,192.168.7.222_60062,202.106.0.20_53,1,1,1_1
192.168.7.204,202.106.0.20,51736,53,17,1,1,65,114,1525251601,8,916,192.168.7.204_51736,202.106.0.20_53,1,1,1_1
192.168.6.237,114.114.114.114,55381,53,17,1,1,74,303,1525251600,8,916,192.168.6.237_55381,114.114.114.114_53,3,3,3_3
192.168.6.237,114.114.114.114,52878,53,17,1,1,82,250,1525251600,8,916,192.168.6.237_52878,114.114.114.114_53,3,3,3_3
192.168.6.237,114.114.114.114,50629,53,17,1,1,72,88,1525251601,8,916,192.168.6.237_50629,114.114.114.114_53,3,3,3_3
192.168.6.237,114.114.114.114,50197,53,17,1,1,69,85,1525251602,8,916,192.168.6.237_50197,114.114.114.114_53,3,3,3_3
192.168.7.192,202.106.0.20,59033,53,17,1,1,71,126,1525251601,8,916,192.168.7.192_59033,202.106.0.20_53,1,1,1_1
192.168.7.79,202.106.0.20,62642,53,17,1,1,71,126,1525251605,8,916,192.168.7.79_62642,202.106.0.20_53,1,1,1_1
192.168.1.204,8.8.8.8,64444,53,17,1,1,59,98,1525251606,8,916,192.168.1.204_64444,8.8.8.8_53,4,4,4_4
192.168.7.200,202.106.0.20,61473,53,17,1,1,81,522,1525251603,8,916,192.168.7.200_61473,202.106.0.20_53,1,1,1_1
192.168.7.205,202.106.0.20,14804,53,17,1,1,81,156,1525251607,8,916,192.168.7.205_14804,202.106.0.20_53,1,1,1_1
192.168.7.49,8.8.8.8,63801,53,17,1,1,71,126,1525251602,8,916,192.168.7.49_63801,8.8.8.8_53,4,4,4_4
192.168.7.49,8.8.8.8,58133,53,17,1,1,71,126,1525251607,8,916,192.168.7.49_58133,8.8.8.8_53,4,4,4_4
192.168.7.49,8.8.8.8,56767,53,17,1,1,71,126,1525251607,8,916,192.168.7.49_56767,8.8.8.8_53,4,4,4_4
192.168.7.47,202.106.0.20,61180,53,17,1,1,71,126,1525251604,8,916,192.168.7.47_61180,202.106.0.20_53,1,1,1_1
192.168.7.49,202.106.0.20,58133,53,17,1,1,71,126,1525251607,8,916,192.168.7.49_58133,202.106.0.20_53,4,1,1_4
192.168.7.49,202.106.0.20,56767,53,17,1,1,71,126,1525251607,8,916,192.168.7.49_56767,202.106.0.20_53,4,1,1_4
192.168.7.49,202.106.0.20,56271,53,17,1,1,71,126,1525251607,8,916,192.168.7.49_56271,202.106.0.20_53,4,1,1_4
192.168.7.205,202.106.0.20,16111,53,17,1,1,81,156,1525251607,8,916,192.168.7.205_16111,202.106.0.20_53,1,1,1_1
192.168.7.205,202.106.0.20,22802,53,17,1,1,59,129,1525251607,8,916,192.168.7.205_22802,202.106.0.20_53,1,1,1_1
192.168.7.205,202.106.0.20,21416,53,17,1,1,59,129,1525251607,8,916,192.168.7.205_21416,202.106.0.20_53,1,1,1_1
192.168.7.205,202.106.0.20,7522,53,17,1,1,59,202,1525251607,8,916,192.168.7.205_7522,202.106.0.20_53,1,1,1_1
192.168.7.186,13.78.94.7,9494,443,6,3,5,355,5696,1525251609,8,913,192.168.7.186_9494,13.78.94.7_443,8,8,8_8
192.168.6.237,202.106.0.20,50197,53,17,1,1,69,395,1525251602,8,916,192.168.6.237_50197,202.106.0.20_53,3,1,1_3
192.168.7.157,114.114.114.114,65171,53,17,1,1,64,96,1525251602,8,916,192.168.7.157_65171,114.114.114.114_53,3,3,3_3
192.168.7.157,114.114.114.114,51749,53,17,1,1,64,125,1525251607,8,916,192.168.7.157_51749,114.114.114.114_53,9,3,3_9
192.168.7.118,202.106.0.20,64055,53,17,1,1,71,126,1525251604,8,916,192.168.7.118_64055,202.106.0.20_53,1,1,1_1
192.168.7.118,202.106.0.20,51129,53,17,1,1,67,364,1525251606,8,916,192.168.7.118_51129,202.106.0.20_53,1,1,1_1
192.168.1.112,202.106.0.20,57932,53,17,1,1,55,257,1525251606,8,916,192.168.1.112_57932,202.106.0.20_53,1,1,1_1
192.168.7.31,202.106.0.20,63397,53,17,1,1,62,334,1525251608,8,916,192.168.7.31_63397,202.106.0.20_53,1,1,1_1
192.168.7.31,202.106.0.20,62504,53,17,1,1,62,346,1525251608,8,916,192.168.7.31_62504,202.106.0.20_53,1,1,1_1
192.168.1.19,163.44.166.218,9217,443,6,3,1,945,52,1525251603,8,913,192.168.1.19_9217,163.44.166.218_443,6,6,6_6
192.168.1.19,163.44.166.218,9253,443,6,2,1,642,52,1525251609,8,913,192.168.1.19_9253,163.44.166.218_443,6,6,6_6
192.168.1.19,163.44.166.218,9258,443,6,3,1,682,52,1525251609,8,913,192.168.1.19_9258,163.44.166.218_443,6,6,6_6
192.168.1.19,163.44.166.218,9263,443,6,3,1,685,52,1525251609,8,913,192.168.1.19_9263,163.44.166.218_443,6,6,6_6
192.168.1.19,163.44.166.218,9215,443,6,27,25,2980,20133,1525251609,8,913,192.168.1.19_9215,163.44.166.218_443,6,6,6_6
192.168.1.19,163.44.166.218,9247,443,6,3,3,682,295,1525251610,8,913,192.168.1.19_9247,163.44.166.218_443,6,6,6_6
192.168.1.19,163.44.166.218,9248,443,6,2,3,92,295,1525251610,8,913,192.168.1.19_9248,163.44.166.218_443,6,6,6_6
192.168.7.157,123.125.81.6,51749,53,17,1,2,64,250,1525251608,8,916,192.168.7.157_51749,123.125.81.6_53,9,9,9_9
192.168.7.157,123.125.81.6,54420,53,17,1,1,62,127,1525251609,8,916,192.168.7.157_54420,123.125.81.6_53,9,9,9_9
192.168.7.196,202.106.0.20,15419,53,17,1,1,79,523,1525251610,8,916,192.168.7.196_15419,202.106.0.20_53,1,1,1_1
192.168.7.196,202.106.0.20,14194,53,17,1,1,58,324,1525251610,8,916,192.168.7.196_14194,202.106.0.20_53,1,1,1_1
192.168.7.157,123.125.81.6,57487,53,17,1,1,62,115,1525251610,8,916,192.168.7.157_57487,123.125.81.6_53,9,9,9_9
192.168.7.157,123.125.81.6,60030,53,17,1,1,63,113,1525251610,8,916,192.168.7.157_60030,123.125.81.6_53,9,9,9_9
192.168.7.157,123.125.81.6,52733,53,17,1,1,72,88,1525251610,8,916,192.168.7.157_52733,123.125.81.6_53,9,9,9_9
192.168.7.157,123.125.81.6,65263,53,17,1,1,69,85,1525251610,8,916,192.168.7.157_65263,123.125.81.6_53,9,9,9_9
192.168.7.157,123.125.81.6,59116,53,17,1,1,72,135,1525251610,8,916,192.168.7.157_59116,123.125.81.6_53,9,9,9_9
192.168.7.196,202.106.0.20,22553,53,17,1,1,58,324,1525251610,8,916,192.168.7.196_22553,202.106.0.20_53,1,1,1_1
192.168.7.196,202.106.0.20,9106,53,17,1,1,59,325,1525251610,8,916,192.168.7.196_9106,202.106.0.20_53,1,1,1_1
192.168.7.196,202.106.0.20,7388,53,17,0,1,0,446,1525251610,8,916,192.168.7.196_7388,202.106.0.20_53,1,1,1_1
192.168.7.196,202.106.0.20,10421,53,17,1,1,71,393,1525251610,8,916,192.168.7.196_10421,202.106.0.20_53,1,1,1_1
192.168.7.196,202.106.0.20,12625,53,17,1,1,71,393,1525251610,8,916,192.168.7.196_12625,202.106.0.20_53,1,1,1_1
192.168.7.157,123.125.81.6,50962,53,17,1,1,69,132,1525251610,8,916,192.168.7.157_50962,123.125.81.6_53,9,9,9_9
192.168.7.157,123.125.81.6,57890,53,17,1,1,63,110,1525251610,8,916,192.168.7.157_57890,123.125.81.6_53,9,9,9_9
192.168.7.157,123.125.81.6,50285,53,17,1,1,65,112,1525251610,8,916,192.168.7.157_50285,123.125.81.6_53,9,9,9_9
192.168.7.157,123.125.81.6,64305,53,17,1,1,66,82,1525251610,8,916,192.168.7.157_64305,123.125.81.6_53,9,9,9_9
192.168.7.157,123.125.81.6,49537,53,17,1,1,66,82,1525251610,8,916,192.168.7.157_49537,123.125.81.6_53,9,9,9_9
192.168.7.135,202.106.0.20,56309,53,17,1,1,63,300,1525251609,8,916,192.168.7.135_56309,202.106.0.20_53,1,1,1_1
192.168.7.137,202.106.0.20,55544,53,17,1,1,62,502,1525251610,8,916,192.168.7.137_55544,202.106.0.20_53,1,1,1_1
192.168.7.157,123.125.81.6,58666,53,17,1,1,66,129,1525251610,8,916,192.168.7.157_58666,123.125.81.6_53,9,9,9_9
192.168.7.157,123.125.81.6,57626,53,17,1,1,66,129,1525251610,8,916,192.168.7.157_57626,123.125.81.6_53,9,9,9_9
192.168.7.157,123.125.81.6,57134,53,17,1,1,59,101,1525251610,8,916,192.168.7.157_57134,123.125.81.6_53,9,9,9_9
192.168.7.157,123.125.81.6,60986,53,17,1,1,66,109,1525251610,8,916,192.168.7.157_60986,123.125.81.6_53,9,9,9_9
192.168.7.157,123.125.81.6,57763,53,17,1,1,62,78,1525251610,8,916,192.168.7.157_57763,123.125.81.6_53,9,9,9_9
192.168.7.157,123.125.81.6,65335,53,17,1,1,93,109,1525251610,8,916,192.168.7.157_65335,123.125.81.6_53,9,9,9_9
192.168.7.157,123.125.81.6,64343,53,17,1,1,61,77,1525251610,8,916,192.168.7.157_64343,123.125.81.6_53,9,9,9_9
192.168.7.157,123.125.81.6,55383,53,17,1,1,93,137,1525251610,8,916,192.168.7.157_55383,123.125.81.6_53,9,9,9_9
192.168.7.157,123.125.81.6,49331,53,17,1,1,62,125,1525251610,8,916,192.168.7.157_49331,123.125.81.6_53,9,9,9_9
192.168.7.157,123.125.81.6,49798,53,17,1,1,61,124,1525251610,8,916,192.168.7.157_49798,123.125.81.6_53,9,9,9_9
192.168.7.157,123.125.81.6,65426,53,17,1,1,60,107,1525251610,8,916,192.168.7.157_65426,123.125.81.6_53,9,9,9_9
192.168.7.157,123.125.81.6,54162,53,17,1,1,58,100,1525251610,8,916,192.168.7.157_54162,123.125.81.6_53,9,9,9_9
192.168.7.157,123.125.81.6,51113,53,17,1,1,61,136,1525251610,8,916,192.168.7.157_51113,123.125.81.6_53,9,9,9_9
192.168.7.157,123.125.81.6,54899,53,17,1,1,62,78,1525251610,8,916,192.168.7.157_54899,123.125.81.6_53,9,9,9_9
192.168.7.157,123.125.81.6,63674,53,17,0,1,0,82,1525251610,8,916,192.168.7.157_63674,123.125.81.6_53,9,9,9_9
192.168.1.111,202.106.0.20,49046,53,17,1,1,55,257,1525251600,8,916,192.168.1.111_49046,202.106.0.20_53,1,1,1_1
192.168.1.111,202.106.0.20,59956,53,17,1,1,55,257,1525251610,8,916,192.168.1.111_59956,202.106.0.20_53,1,1,1_1
192.168.7.157,123.125.81.6,56691,53,17,1,1,61,77,1525251610,8,916,192.168.7.157_56691,123.125.81.6_53,9,9,9_9
192.168.7.157,123.125.81.6,62199,53,17,1,1,62,125,1525251611,8,916,192.168.7.157_62199,123.125.81.6_53,9,9,9_9
192.168.7.157,123.125.81.6,56775,53,17,1,1,66,129,1525251611,8,916,192.168.7.157_56775,123.125.81.6_53,9,9,9_9
192.168.7.157,123.125.81.6,53552,53,17,1,1,61,124,1525251611,8,916,192.168.7.157_53552,123.125.81.6_53,9,9,9_9
192.168.7.157,123.125.81.6,59668,53,17,1,1,60,107,1525251611,8,916,192.168.7.157_59668,123.125.81.6_53,9,9,9_9
192.168.7.157,123.125.81.6,50206,53,17,1,1,61,120,1525251611,8,916,192.168.7.157_50206,123.125.81.6_53,9,9,9_9
192.168.7.157,123.125.81.6,56255,53,17,1,1,64,80,1525251611,8,916,192.168.7.157_56255,123.125.81.6_53,9,9,9_9
192.168.7.157,123.125.81.6,51547,53,17,1,1,62,94,1525251611,8,916,192.168.7.157_51547,123.125.81.6_53,9,9,9_9
192.168.7.157,123.125.81.6,49225,53,17,1,1,64,127,1525251611,8,916,192.168.7.157_49225,123.125.81.6_53,9,9,9_9
192.168.7.68,114.114.114.114,52273,53,17,1,1,62,78,1525251610,8,916,192.168.7.68_52273,114.114.114.114_53,3,3,3_3
192.168.7.68,114.114.114.114,60753,53,17,1,1,63,200,1525251610,8,916,192.168.7.68_60753,114.114.114.114_53,3,3,3_3
192.168.7.47,202.106.0.20,65265,53,17,1,1,54,353,1525251610,8,916,192.168.7.47_65265,202.106.0.20_53,1,1,1_1
192.168.7.196,202.106.0.20,4693,53,17,1,1,61,327,1525251610,8,916,192.168.7.196_4693,202.106.0.20_53,1,1,1_1
192.168.7.47,202.106.0.20,51663,53,17,0,1,0,291,1525251611,8,916,192.168.7.47_51663,202.106.0.20_53,1,1,1_1
192.168.7.49,202.106.0.20,59154,53,17,1,1,71,126,1525251612,8,916,192.168.7.49_59154,202.106.0.20_53,4,1,1_4
192.168.7.49,202.106.0.20,58165,53,17,1,1,71,126,1525251612,8,916,192.168.7.49_58165,202.106.0.20_53,4,1,1_4
192.168.7.49,8.8.8.8,56271,53,17,1,1,71,126,1525251607,8,916,192.168.7.49_56271,8.8.8.8_53,4,4,4_4
192.168.7.49,8.8.8.8,59154,53,17,1,1,71,126,1525251612,8,916,192.168.7.49_59154,8.8.8.8_53,4,4,4_4
192.168.7.49,8.8.8.8,58165,53,17,1,1,71,126,1525251612,8,916,192.168.7.49_58165,8.8.8.8_53,4,4,4_4
192.168.7.189,202.106.0.20,49358,53,17,1,1,63,276,1525251609,8,916,192.168.7.189_49358,202.106.0.20_53,1,1,1_1
192.168.7.189,202.106.0.20,59255,53,17,1,1,55,488,1525251610,8,916,192.168.7.189_59255,202.106.0.20_53,1,1,1_1
192.168.7.189,202.106.0.20,61254,53,17,1,1,60,489,1525251610,8,916,192.168.7.189_61254,202.106.0.20_53,1,1,1_1
192.168.7.189,202.106.0.20,61889,53,17,1,1,59,520,1525251610,8,916,192.168.7.189_61889,202.106.0.20_53,1,1,1_1
192.168.7.97,202.106.0.20,51192,53,17,1,1,73,404,1525251609,8,916,192.168.7.97_51192,202.106.0.20_53,1,1,1_1
192.168.7.97,202.106.0.20,50291,53,17,1,1,72,358,1525251609,8,916,192.168.7.97_50291,202.106.0.20_53,1,1,1_1
192.168.7.97,202.106.0.20,52234,53,17,1,1,69,345,1525251610,8,916,192.168.7.97_52234,202.106.0.20_53,1,1,1_1
192.168.7.97,114.114.114.114,60179,53,17,0,1,0,120,1525251609,8,916,192.168.7.97_60179,114.114.114.114_53,3,3,3_3
192.168.7.97,114.114.114.114,52908,53,17,1,1,59,211,1525251610,8,916,192.168.7.97_52908,114.114.114.114_53,3,3,3_3
192.168.7.97,114.114.114.114,50035,53,17,1,1,69,165,1525251610,8,916,192.168.7.97_50035,114.114.114.114_53,3,3,3_3
192.168.6.254,202.106.0.20,61955,53,17,1,1,57,371,1525251613,8,916,192.168.6.254_61955,202.106.0.20_53,1,1,1_1
192.168.7.223,202.106.0.20,65464,53,17,1,1,73,526,1525251613,8,916,192.168.7.223_65464,202.106.0.20_53,1,1,1_1
192.168.6.237,121.22.240.194,53304,80,6,179,320,9095,472543,1525251603,8,237,192.168.6.237_53304,121.22.240.194_80,10,10,10_10
192.168.7.118,202.106.0.20,60065,53,17,1,1,56,255,1525251609,8,916,192.168.7.118_60065,202.106.0.20_53,1,1,1_1
192.168.7.178,202.106.0.20,55847,53,17,1,1,71,126,1525251612,8,916,192.168.7.178_55847,202.106.0.20_53,1,1,1_1
192.168.7.223,202.106.0.20,62682,53,17,1,1,76,537,1525251613,8,916,192.168.7.223_62682,202.106.0.20_53,1,1,1_1
192.168.7.223,202.106.0.20,54606,53,17,1,1,70,511,1525251614,8,916,192.168.7.223_54606,202.106.0.20_53,1,1,1_1
192.168.7.223,202.106.0.20,63568,53,17,1,1,72,426,1525251614,8,916,192.168.7.223_63568,202.106.0.20_53,1,1,1_1
192.168.7.223,202.106.0.20,55824,53,17,1,1,81,439,1525251614,8,916,192.168.7.223_55824,202.106.0.20_53,1,1,1_1
192.168.7.222,202.106.0.20,52008,53,17,1,1,62,334,1525251609,8,916,192.168.7.222_52008,202.106.0.20_53,1,1,1_1
192.168.7.222,202.106.0.20,61012,53,17,1,1,62,346,1525251609,8,916,192.168.7.222_61012,202.106.0.20_53,1,1,1_1
192.168.7.31,202.106.0.20,57032,53,17,1,1,59,303,1525251609,8,916,192.168.7.31_57032,202.106.0.20_53,1,1,1_1
192.168.7.31,202.106.0.20,60252,53,17,1,1,55,308,1525251610,8,916,192.168.7.31_60252,202.106.0.20_53,1,1,1_1
192.168.7.31,202.106.0.20,51177,53,17,0,1,0,246,1525251613,8,916,192.168.7.31_51177,202.106.0.20_53,1,1,1_1
192.168.1.203,172.16.10.3,62399,53,17,5,0,370,0,1525251610,8,916,192.168.1.203_62399,172.16.10.3_53,12,12,12_12
192.168.1.203,172.16.10.3,55134,53,17,5,0,355,0,1525251611,8,916,192.168.1.203_55134,172.16.10.3_53,12,12,12_12
192.168.1.204,8.8.8.8,50447,53,17,1,1,59,110,1525251606,8,916,192.168.1.204_50447,8.8.8.8_53,4,4,4_4
192.168.7.144,8.8.8.8,64744,53,17,1,1,66,173,1525251608,8,916,192.168.7.144_64744,8.8.8.8_53,4,4,4_4
192.168.7.144,8.8.8.8,57661,53,17,1,1,59,166,1525251609,8,916,192.168.7.144_57661,8.8.8.8_53,4,4,4_4
192.168.1.19,163.44.166.218,9254,443,6,3,3,682,216,1525251610,8,913,192.168.1.19_9254,163.44.166.218_443,6,6,6_6
192.168.1.19,163.44.166.218,9265,443,6,3,3,685,300,1525251610,8,913,192.168.1.19_9265,163.44.166.218_443,6,6,6_6
192.168.1.19,163.44.166.218,9267,443,6,3,3,685,1592,1525251610,8,913,192.168.1.19_9267,163.44.166.218_443,6,6,6_6
192.168.1.19,163.44.166.218,9268,443,6,3,3,685,1488,1525251610,8,913,192.168.1.19_9268,163.44.166.218_443,6,6,6_6
192.168.1.19,163.44.166.218,9249,443,6,10,9,1112,4479,1525251616,8,913,192.168.1.19_9249,163.44.166.218_443,6,6,6_6
192.168.1.19,163.44.166.218,9252,443,6,9,8,1072,4439,1525251616,8,913,192.168.1.19_9252,163.44.166.218_443,6,6,6_6
192.168.1.19,163.44.166.218,9251,443,6,9,9,1072,4479,1525251616,8,913,192.168.1.19_9251,163.44.166.218_443,6,6,6_6
192.168.1.19,163.44.166.218,9295,443,6,3,1,684,52,1525251616,8,913,192.168.1.19_9295,163.44.166.218_443,6,6,6_6
192.168.7.195,202.106.0.20,59495,53,17,1,1,71,126,1525251611,8,916,192.168.7.195_59495,202.106.0.20_53,1,1,1_1
192.168.7.144,106.11.47.19,59407,80,6,9,8,4724,3489,1525251616,2,262,192.168.7.144_59407,106.11.47.19_80,14,14,14_14
192.168.7.144,106.11.47.19,59406,80,6,16,17,6602,2591,1525251616,2,262,192.168.7.144_59406,106.11.47.19_80,14,14,14_14
192.168.7.223,202.106.0.20,61189,53,17,1,1,69,170,1525251614,8,916,192.168.7.223_61189,202.106.0.20_53,1,1,1_1
192.168.7.223,202.106.0.20,50923,53,17,1,1,73,504,1525251615,8,916,192.168.7.223_50923,202.106.0.20_53,1,1,1_1
192.168.7.147,202.106.0.20,64787,53,17,1,1,75,394,1525251616,8,916,192.168.7.147_64787,202.106.0.20_53,1,1,1_1
61.135.217.24,192.168.7.103,80,65372,6,5,6,1670,1699,1525251612,8,237,61.135.217.24_80,192.168.7.103_65372,15,15,15_15
192.168.1.19,163.44.166.218,9297,443,6,3,1,689,52,1525251616,8,913,192.168.1.19_9297,163.44.166.218_443,6,6,6_6
192.168.1.19,163.44.166.218,9298,443,6,3,1,688,52,1525251616,8,913,192.168.1.19_9298,163.44.166.218_443,6,6,6_6
192.168.1.19,163.44.166.218,9256,443,6,6,5,853,375,1525251616,8,913,192.168.1.19_9256,163.44.166.218_443,6,6,6_6
192.168.1.19,163.44.166.218,9302,443,6,3,4,693,1859,1525251616,8,913,192.168.1.19_9302,163.44.166.218_443,6,6,6_6
192.168.1.19,163.44.166.218,9292,443,6,3,3,683,1592,1525251616,8,913,192.168.1.19_9292,163.44.166.218_443,6,6,6_6
192.168.1.19,163.44.166.218,9305,443,6,3,3,684,1592,1525251616,8,913,192.168.1.19_9305,163.44.166.218_443,6,6,6_6
192.168.1.19,163.44.166.218,9303,443,6,8,8,1021,3744,1525251616,8,913,192.168.1.19_9303,163.44.166.218_443,6,6,6_6
192.168.1.19,163.44.166.218,9311,443,6,3,1,687,52,1525251616,8,913,192.168.1.19_9311,163.44.166.218_443,6,6,6_6
192.168.7.132,202.106.0.20,54931,53,17,1,1,69,235,1525251614,8,916,192.168.7.132_54931,202.106.0.20_53,1,1,1_1
192.168.7.40,202.106.0.20,60002,53,17,1,1,71,126,1525251614,8,916,192.168.7.40_60002,202.106.0.20_53,1,1,1_1
192.168.7.49,202.106.0.20,52189,53,17,1,1,71,126,1525251612,8,916,192.168.7.49_52189,202.106.0.20_53,4,1,1_4
192.168.7.49,202.106.0.20,60915,53,17,1,1,71,126,1525251618,8,916,192.168.7.49_60915,202.106.0.20_53,4,1,1_4
192.168.7.49,202.106.0.20,57668,53,17,1,1,71,126,1525251618,8,916,192.168.7.49_57668,202.106.0.20_53,4,1,1_4
192.168.7.49,8.8.8.8,52189,53,17,1,1,71,126,1525251612,8,916,192.168.7.49_52189,8.8.8.8_53,4,4,4_4
192.168.7.49,8.8.8.8,60915,53,17,1,1,71,126,1525251618,8,916,192.168.7.49_60915,8.8.8.8_53,4,4,4_4
192.168.7.49,8.8.8.8,57668,53,17,1,1,71,126,1525251618,8,916,192.168.7.49_57668,8.8.8.8_53,4,4,4_4
192.168.7.107,202.106.0.20,64750,53,17,1,1,66,303,1525251610,8,916,192.168.7.107_64750,202.106.0.20_53,1,1,1_1
192.168.7.107,202.106.0.20,56636,53,17,1,1,66,303,1525251610,8,916,192.168.7.107_56636,202.106.0.20_53,1,1,1_1
192.168.7.157,111.206.37.72,52390,443,6,3,1,649,52,1525251612,8,913,192.168.7.157_52390,111.206.37.72_443,17,17,17_17
192.168.7.157,111.206.37.72,52391,443,6,3,1,649,52,1525251613,8,913,192.168.7.157_52391,111.206.37.72_443,17,17,17_17
192.168.7.228,202.106.0.20,63942,53,17,1,1,71,126,1525251614,8,916,192.168.7.228_63942,202.106.0.20_53,1,1,1_1
192.168.1.112,202.106.0.20,41396,53,17,1,1,55,257,1525251616,8,916,192.168.1.112_41396,202.106.0.20_53,1,1,1_1
192.168.7.191,202.106.0.20,62649,53,17,1,1,62,214,1525251619,8,916,192.168.7.191_62649,202.106.0.20_53,1,1,1_1
192.168.7.157,111.206.76.31,52401,443,6,3,4,649,208,1525251619,8,913,192.168.7.157_52401,111.206.76.31_443,19,19,19_19
192.168.7.185,114.114.114.114,62230,53,17,1,1,66,352,1525251618,8,916,192.168.7.185_62230,114.114.114.114_53,3,3,3_3
192.168.7.150,114.114.114.114,62647,53,17,1,1,65,213,1525251619,8,916,192.168.7.150_62647,114.114.114.114_53,3,3,3_3
192.168.7.38,202.106.0.20,57406,53,17,1,1,63,281,1525251617,8,916,192.168.7.38_57406,202.106.0.20_53,1,1,1_1
192.168.7.38,202.106.0.20,50772,53,17,1,1,63,375,1525251618,8,916,192.168.7.38_50772,202.106.0.20_53,1,1,1_1
192.168.1.19,163.44.166.218,9309,443,6,3,4,687,3092,1525251617,8,913,192.168.1.19_9309,163.44.166.218_443,6,6,6_6
192.168.1.19,163.44.166.218,9260,443,6,8,8,1020,4528,1525251621,8,913,192.168.1.19_9260,163.44.166.218_443,6,6,6_6
192.168.1.19,163.44.166.218,9270,443,6,5,5,816,380,1525251621,8,913,192.168.1.19_9270,163.44.166.218_443,6,6,6_6
192.168.1.19,163.44.166.218,9266,443,6,5,5,816,380,1525251621,8,913,192.168.1.19_9266,163.44.166.218_443,6,6,6_6
192.168.1.19,163.44.166.218,9269,443,6,6,8,931,4528,1525251621,8,913,192.168.1.19_9269,163.44.166.218_443,6,6,6_6
192.168.1.19,163.44.166.218,9259,443,6,9,8,1072,4528,1525251621,8,913,192.168.1.19_9259,163.44.166.218_443,6,6,6_6
192.168.1.19,163.44.166.218,9261,443,6,8,8,1020,4528,1525251621,8,913,192.168.1.19_9261,163.44.166.218_443,6,6,6_6
192.168.7.191,202.106.0.20,49574,53,17,1,1,64,232,1525251619,8,916,192.168.7.191_49574,202.106.0.20_53,1,1,1_1
192.168.7.34,202.106.0.20,56910,53,17,1,1,61,276,1525251621,8,916,192.168.7.34_56910,202.106.0.20_53,1,1,1_1
192.168.7.34,202.106.0.20,61024,53,17,1,1,61,276,1525251621,8,916,192.168.7.34_61024,202.106.0.20_53,1,1,1_1
192.168.7.157,111.206.76.49,52404,443,6,3,11,649,572,1525251621,8,913,192.168.7.157_52404,111.206.76.49_443,21,21,21_21
61.135.169.121,192.168.7.157,443,52388,6,2,3,104,663,1525251617,8,913,61.135.169.121_443,192.168.7.157_52388,22,22,22_22
192.168.1.19,8.8.8.8,50254,53,17,1,1,83,99,1525251619,8,916,192.168.1.19_50254,8.8.8.8_53,4,4,4_4
192.168.6.242,202.106.0.20,61969,53,17,1,1,65,230,1525251613,8,916,192.168.6.242_61969,202.106.0.20_53,1,1,1_1
192.168.7.38,120.92.15.24,52042,443,6,2,3,88,280,1525251605,8,913,192.168.7.38_52042,120.92.15.24_443,24,24,24_24
192.168.7.38,120.92.15.24,52044,443,6,3,1,645,48,1525251614,8,913,192.168.7.38_52044,120.92.15.24_443,24,24,24_24
192.168.7.131,123.6.7.30,10675,443,6,3,5,516,3152,1525251622,8,913,192.168.7.131_10675,123.6.7.30_443,26,26,26_26
192.168.7.131,123.6.7.30,10673,443,6,3,4,516,3092,1525251622,8,913,192.168.7.131_10673,123.6.7.30_443,26,26,26_26
192.168.7.131,123.6.7.30,10672,443,6,3,5,516,3152,1525251622,8,913,192.168.7.131_10672,123.6.7.30_443,26,26,26_26
192.168.7.157,123.125.81.6,51068,53,17,1,1,62,125,1525251611,8,916,192.168.7.157_51068,123.125.81.6_53,9,9,9_9
192.168.7.157,123.125.81.6,58990,53,17,1,1,71,126,1525251618,8,916,192.168.7.157_58990,123.125.81.6_53,9,9,9_9
192.168.7.157,123.125.81.6,54944,53,17,1,1,63,113,1525251621,8,916,192.168.7.157_54944,123.125.81.6_53,9,9,9_9
192.168.7.157,123.125.81.6,60593,53,17,1,1,87,144,1525251621,8,916,192.168.7.157_60593,123.125.81.6_53,9,9,9_9
192.168.7.157,111.206.76.49,52405,443,6,2,15,92,4666,1525251621,8,913,192.168.7.157_52405,111.206.76.49_443,21,21,21_21
61.135.217.23,192.168.7.79,80,61496,6,3,5,489,1338,1525251622,8,237,61.135.217.23_80,192.168.7.79_61496,27,27,27_27
192.168.7.49,202.106.0.20,53100,53,17,1,1,71,126,1525251618,8,916,192.168.7.49_53100,202.106.0.20_53,4,1,1_4
192.168.7.131,202.106.0.20,57044,53,17,1,1,65,421,1525251622,8,916,192.168.7.131_57044,202.106.0.20_53,1,1,1_1
192.168.7.131,202.106.0.20,58679,53,17,1,1,70,454,1525251622,8,916,192.168.7.131_58679,202.106.0.20_53,1,1,1_1
192.168.7.131,202.106.0.20,58494,53,17,1,1,58,270,1525251622,8,916,192.168.7.131_58494,202.106.0.20_53,1,1,1_1
192.168.7.207,202.106.0.20,44092,53,17,1,1,65,161,1525251623,8,916,192.168.7.207_44092,202.106.0.20_53,1,1,1_1
192.168.7.49,8.8.8.8,53100,53,17,1,1,71,126,1525251618,8,916,192.168.7.49_53100,8.8.8.8_53,4,4,4_4
192.168.7.49,8.8.8.8,58894,53,17,1,1,71,126,1525251623,8,916,192.168.7.49_58894,8.8.8.8_53,4,4,4_4
192.168.7.49,8.8.8.8,64791,53,17,1,1,71,126,1525251623,8,916,192.168.7.49_64791,8.8.8.8_53,4,4,4_4
192.168.7.157,114.114.114.114,62330,53,17,1,1,71,145,1525251609,8,916,192.168.7.157_62330,114.114.114.114_53,3,3,3_3
192.168.7.157,114.114.114.114,54944,53,17,1,1,63,113,1525251621,8,916,192.168.7.157_54944,114.114.114.114_53,9,3,3_9
192.168.7.157,114.114.114.114,60593,53,17,1,1,87,144,1525251622,8,916,192.168.7.157_60593,114.114.114.114_53,9,3,3_9
192.168.7.157,114.114.114.114,53278,53,17,0,1,0,113,1525251623,8,916,192.168.7.157_53278,114.114.114.114_53,9,3,3_9
192.168.7.31,202.106.0.20,64801,53,17,1,1,67,364,1525251621,8,916,192.168.7.31_64801,202.106.0.20_53,1,1,1_1
192.168.7.34,202.106.0.20,59854,53,17,1,1,61,275,1525251622,8,916,192.168.7.34_59854,202.106.0.20_53,1,1,1_1
192.168.7.157,211.90.25.49,52406,443,6,2,12,92,4510,1525251623,8,913,192.168.7.157_52406,211.90.25.49_443,29,29,29_29
192.168.7.196,111.206.235.71,43775,80,6,4,4,729,474,1525251611,8,237,192.168.7.196_43775,111.206.235.71_80,30,30,30_30
192.168.7.38,202.106.0.20,56075,53,17,1,1,72,269,1525251621,8,916,192.168.7.38_56075,202.106.0.20_53,1,1,1_1
192.168.7.94,202.106.0.20,60416,53,17,1,1,71,126,1525251622,8,916,192.168.7.94_60416,202.106.0.20_53,1,1,1_1
192.168.7.157,211.90.25.49,52408,443,6,3,8,649,416,1525251623,8,913,192.168.7.157_52408,211.90.25.49_443,29,29,29_29
192.168.7.157,211.90.25.49,52407,443,6,3,9,649,468,1525251624,8,913,192.168.7.157_52407,211.90.25.49_443,29,29,29_29
192.168.7.157,211.90.25.49,52409,443,6,3,9,649,468,1525251624,8,913,192.168.7.157_52409,211.90.25.49_443,29,29,29_29
192.168.7.157,211.90.25.49,52412,443,6,3,10,649,520,1525251624,8,913,192.168.7.157_52412,211.90.25.49_443,29,29,29_29
192.168.7.157,211.90.25.49,52413,443,6,3,10,649,520,1525251624,8,913,192.168.7.157_52413,211.90.25.49_443,29,29,29_29
192.168.7.157,211.90.25.49,52411,443,6,3,10,649,520,1525251624,8,913,192.168.7.157_52411,211.90.25.49_443,29,29,29_29
192.168.7.157,211.90.25.48,52392,443,6,3,17,661,4770,1525251623,8,913,192.168.7.157_52392,211.90.25.48_443,32,32,32_32
192.168.7.147,202.106.0.20,51025,53,17,0,1,0,126,1525251617,8,916,192.168.7.147_51025,202.106.0.20_53,1,1,1_1
192.168.6.237,219.238.237.137,53314,80,6,4,4,486,412,1525251611,8,237,192.168.6.237_53314,219.238.237.137_80,34,34,34_34
192.168.6.237,219.238.237.137,53322,80,6,5,5,1789,609,1525251624,8,237,192.168.6.237_53322,219.238.237.137_80,34,34,34_34
192.168.7.207,202.106.0.20,43422,53,17,1,1,65,230,1525251623,8,916,192.168.7.207_43422,202.106.0.20_53,1,1,1_1
192.168.6.238,202.106.0.20,62388,53,17,1,1,71,385,1525251623,8,916,192.168.6.238_62388,202.106.0.20_53,1,1,1_1
192.168.1.204,8.8.8.8,36084,53,17,1,1,59,98,1525251615,8,916,192.168.1.204_36084,8.8.8.8_53,4,4,4_4
192.168.1.204,8.8.8.8,56354,53,17,1,1,59,110,1525251616,8,916,192.168.1.204_56354,8.8.8.8_53,4,4,4_4
192.168.7.144,8.8.8.8,56317,53,17,1,1,65,213,1525251623,8,916,192.168.7.144_56317,8.8.8.8_53,4,4,4_4
192.168.7.246,218.11.2.115,36291,443,6,3,1,332,60,1525251624,7,250,192.168.7.246_36291,218.11.2.115_443,36,36,36_36
192.168.1.111,202.106.0.20,51633,53,17,1,1,55,257,1525251621,8,916,192.168.1.111_51633,202.106.0.20_53,1,1,1_1
192.168.7.42,202.106.0.20,54540,53,17,1,1,62,334,1525251625,8,916,192.168.7.42_54540,202.106.0.20_53,1,1,1_1
192.168.7.34,202.106.0.20,59851,53,17,1,1,71,301,1525251623,8,916,192.168.7.34_59851,202.106.0.20_53,1,1,1_1
192.168.7.246,202.106.0.20,52149,53,17,1,1,75,290,1525251624,8,916,192.168.7.246_52149,202.106.0.20_53,1,1,1_1
192.168.7.185,114.114.114.114,50514,53,17,2,2,126,158,1525251621,8,916,192.168.7.185_50514,114.114.114.114_53,3,3,3_3
192.168.7.131,202.108.23.152,10677,443,6,3,3,437,196,1525251622,8,913,192.168.7.131_10677,202.108.23.152_443,38,38,38_38
192.168.7.202,202.106.0.20,58204,53,17,1,1,69,522,1525251627,8,916,192.168.7.202_58204,202.106.0.20_53,1,1,1_1
192.168.7.202,202.106.0.20,61143,53,17,1,1,71,331,1525251627,8,916,192.168.7.202_61143,202.106.0.20_53,1,1,1_1
192.168.1.203,172.16.10.3,54816,53,17,5,0,370,0,1525251622,8,916,192.168.1.203_54816,172.16.10.3_53,12,12,12_12
42.156.235.98,192.168.7.47,443,56277,6,1,3,52,656,1525251605,8,913,42.156.235.98_443,192.168.7.47_56277,39,39,39_39
192.168.7.49,202.106.0.20,58894,53,17,1,1,71,126,1525251623,8,916,192.168.7.49_58894,202.106.0.20_53,4,1,1_4
192.168.7.49,202.106.0.20,64791,53,17,1,1,71,126,1525251623,8,916,192.168.7.49_64791,202.106.0.20_53,4,1,1_4
192.168.7.49,202.106.0.20,49391,53,17,1,1,71,126,1525251623,8,916,192.168.7.49_49391,202.106.0.20_53,4,1,1_4
192.168.7.49,8.8.8.8,49391,53,17,1,1,71,126,1525251623,8,916,192.168.7.49_49391,8.8.8.8_53,4,4,4_4
192.168.7.49,8.8.8.8,63741,53,17,1,1,71,126,1525251628,8,916,192.168.7.49_63741,8.8.8.8_53,4,4,4_4
192.168.7.49,8.8.8.8,61455,53,17,0,1,0,126,1525251628,8,916,192.168.7.49_61455,8.8.8.8_53,4,4,4_4
192.168.6.254,202.106.0.20,64592,53,17,1,1,54,312,1525251624,8,916,192.168.6.254_64592,202.106.0.20_53,3,1,1_3
192.168.7.223,17.253.87.202,63100,80,6,9,6,767,4171,1525251614,8,237,192.168.7.223_63100,17.253.87.202_80,40,40,40_40
192.168.6.222,202.106.0.20,62458,53,17,1,1,65,461,1525251628,8,916,192.168.6.222_62458,202.106.0.20_53,1,1,1_1
202.106.0.20,192.168.7.215,53,63165,17,1,1,276,63,1525251628,8,916,202.106.0.20_53,192.168.7.215_63165,1,43,1_43
192.168.7.215,202.106.0.20,51461,53,17,1,1,62,246,1525251629,8,916,192.168.7.215_51461,202.106.0.20_53,1,1,1_1
192.168.7.215,202.106.0.20,62154,53,17,0,1,0,311,1525251629,8,916,192.168.7.215_62154,202.106.0.20_53,1,1,1_1
192.168.7.215,202.106.0.20,63670,53,17,1,1,60,447,1525251629,8,916,192.168.7.215_63670,202.106.0.20_53,1,1,1_1
192.168.7.215,202.106.0.20,50869,53,17,1,1,62,302,1525251629,8,916,192.168.7.215_50869,202.106.0.20_53,1,1,1_1
192.168.7.215,202.106.0.20,62017,53,17,1,1,62,246,1525251629,8,916,192.168.7.215_62017,202.106.0.20_53,1,1,1_1
192.168.7.215,202.106.0.20,59011,53,17,1,1,60,489,1525251629,8,916,192.168.7.215_59011,202.106.0.20_53,1,1,1_1
192.168.7.215,202.106.0.20,61815,53,17,1,1,59,520,1525251629,8,916,192.168.7.215_61815,202.106.0.20_53,1,1,1_1
192.168.7.215,202.106.0.20,57714,53,17,1,1,68,279,1525251629,8,916,192.168.7.215_57714,202.106.0.20_53,1,1,1_1
192.168.7.215,202.106.0.20,59640,53,17,1,1,55,488,1525251629,8,916,192.168.7.215_59640,202.106.0.20_53,1,1,1_1
192.168.7.215,202.106.0.20,54410,53,17,1,1,64,137,1525251629,8,916,192.168.7.215_54410,202.106.0.20_53,1,1,1_1
192.168.7.215,202.106.0.20,60736,53,17,1,1,68,141,1525251629,8,916,192.168.7.215_60736,202.106.0.20_53,1,1,1_1
192.168.7.34,202.106.0.20,57175,53,17,1,1,71,462,1525251627,8,916,192.168.7.34_57175,202.106.0.20_53,1,1,1_1
192.168.1.112,202.106.0.20,60657,53,17,1,1,55,257,1525251627,8,916,192.168.1.112_60657,202.106.0.20_53,1,1,1_1
192.168.7.34,202.106.0.20,61289,53,17,1,1,70,461,1525251629,8,916,192.168.7.34_61289,202.106.0.20_53,1,1,1_1
192.168.7.222,202.106.0.20,52446,53,17,1,1,62,334,1525251629,8,916,192.168.7.222_52446,202.106.0.20_53,1,1,1_1
192.168.7.185,114.114.114.114,58159,53,17,1,1,65,213,1525251627,8,916,192.168.7.185_58159,114.114.114.114_53,3,3,3_3
192.168.7.68,114.114.114.114,52878,53,17,1,1,69,167,1525251628,8,916,192.168.7.68_52878,114.114.114.114_53,3,3,3_3
192.168.7.202,140.205.162.6,58829,443,6,2,1,352,64,1525251628,8,913,192.168.7.202_58829,140.205.162.6_443,41,41,41_41
192.168.7.215,140.205.61.57,63163,443,6,3,1,232,52,1525251630,8,913,192.168.7.215_63163,140.205.61.57_443,43,43,43_43
192.168.6.237,202.106.0.20,49502,53,17,1,1,81,539,1525251620,8,916,192.168.6.237_49502,202.106.0.20_53,3,1,1_3
192.168.7.219,202.106.0.20,52765,53,17,1,1,67,364,1525251627,8,916,192.168.7.219_52765,202.106.0.20_53,1,1,1_1
192.168.7.40,202.106.0.20,56762,53,17,1,1,67,364,1525251630,8,916,192.168.7.40_56762,202.106.0.20_53,1,1,1_1
192.168.7.34,61.135.186.100,5877,80,6,5,4,852,612,1525251623,8,237,192.168.7.34_5877,61.135.186.100_80,45,45,45_45
192.168.7.38,111.161.3.162,52049,443,6,3,1,645,48,1525251618,8,913,192.168.7.38_52049,111.161.3.162_443,46,46,46_46
192.168.7.215,202.106.0.20,54308,53,17,1,1,54,406,1525251629,8,916,192.168.7.215_54308,202.106.0.20_53,1,1,1_1
192.168.7.215,202.106.0.20,61807,53,17,1,1,61,442,1525251629,8,916,192.168.7.215_61807,202.106.0.20_53,1,1,1_1
192.168.7.135,202.106.0.20,49923,53,17,1,1,62,334,1525251629,8,916,192.168.7.135_49923,202.106.0.20_53,1,1,1_1
192.168.7.135,202.106.0.20,52186,53,17,1,1,71,126,1525251630,8,916,192.168.7.135_52186,202.106.0.20_53,1,1,1_1
192.168.6.253,202.106.0.20,64523,53,17,1,1,74,391,1525251618,8,916,192.168.6.253_64523,202.106.0.20_53,1,1,1_1
192.168.7.227,202.106.0.20,1164,53,17,1,1,59,413,1525251619,8,916,192.168.7.227_1164,202.106.0.20_53,1,1,1_1
192.168.7.34,202.108.250.210,5885,80,6,19,22,1065,27272,1525251631,8,237,192.168.7.34_5885,202.108.250.210_80,48,48,48_48
192.168.7.34,202.108.250.210,5886,80,6,7,7,490,6109,1525251631,8,237,192.168.7.34_5886,202.108.250.210_80,48,48,48_48
192.168.7.157,111.206.76.31,52403,443,6,3,10,649,520,1525251620,8,913,192.168.7.157_52403,111.206.76.31_443,19,19,19_19
192.168.7.157,111.206.76.31,52402,443,6,3,11,649,572,1525251620,8,913,192.168.7.157_52402,111.206.76.31_443,19,19,19_19
192.168.7.157,111.206.76.31,52415,443,6,3,12,663,624,1525251631,8,913,192.168.7.157_52415,111.206.76.31_443,19,19,19_19
192.168.7.157,111.206.76.31,52416,443,6,3,12,663,624,1525251631,8,913,192.168.7.157_52416,111.206.76.31_443,19,19,19_19
192.168.7.157,111.206.76.31,52417,443,6,3,15,144,908,1525251631,8,913,192.168.7.157_52417,111.206.76.31_443,19,19,19_19
192.168.7.49,202.106.0.20,63741,53,17,1,1,71,126,1525251628,8,916,192.168.7.49_63741,202.106.0.20_53,4,1,1_4
192.168.7.49,202.106.0.20,61455,53,17,1,1,71,126,1525251628,8,916,192.168.7.49_61455,202.106.0.20_53,4,1,1_4
192.168.7.49,202.106.0.20,61886,53,17,1,1,71,126,1525251628,8,916,192.168.7.49_61886,202.106.0.20_53,4,1,1_4
192.168.7.44,111.200.195.69,56598,443,6,3,1,374,52,1525251614,8,913,192.168.7.44_56598,111.200.195.69_443,50,50,50_50
192.168.7.44,111.200.195.69,56599,443,6,3,1,374,52,1525251614,8,913,192.168.7.44_56599,111.200.195.69_443,50,50,50_50
192.168.7.103,114.114.114.114,51376,53,17,1,1,71,126,1525251605,8,916,192.168.7.103_51376,114.114.114.114_53,3,3,3_3
192.168.7.86,114.114.114.114,53851,53,17,0,1,0,126,1525251606,8,916,192.168.7.86_53851,114.114.114.114_53,3,3,3_3
192.168.7.44,114.114.114.114,62792,53,17,1,1,62,78,1525251614,8,916,192.168.7.44_62792,114.114.114.114_53,3,3,3_3
192.168.7.118,202.106.0.20,63263,53,17,1,1,69,369,1525251630,8,916,192.168.7.118_63263,202.106.0.20_53,1,1,1_1
192.168.7.236,202.106.0.20,47660,53,17,1,1,67,381,1525251632,8,916,192.168.7.236_47660,202.106.0.20_53,1,1,1_1
192.168.7.38,202.106.0.20,61462,53,17,1,1,64,174,1525251632,8,916,192.168.7.38_61462,202.106.0.20_53,1,1,1_1
192.168.7.215,140.205.36.80,63162,443,6,3,1,232,52,1525251629,8,913,192.168.7.215_63162,140.205.36.80_443,51,51,51_51
192.168.7.236,140.143.118.208,53607,443,6,3,1,328,52,1525251632,8,913,192.168.7.236_53607,140.143.118.208_443,52,52,52_52
192.168.7.183,1.1.1.1,52880,53,17,5,0,285,0,1525251622,8,916,192.168.7.183_52880,1.1.1.1_53,54,54,54_54
192.168.7.183,1.1.1.1,49166,53,17,1,1,71,176,1525251626,8,916,192.168.7.183_49166,1.1.1.1_53,54,54,54_54
192.168.7.38,111.207.177.143,52059,80,6,5,4,583,313,1525251633,8,237,192.168.7.38_52059,111.207.177.143_80,56,56,56_56
192.168.7.34,61.135.186.100,5874,80,6,5,6,526,692,1525251632,8,237,192.168.7.34_5874,61.135.186.100_80,45,45,45_45
192.168.7.215,17.253.71.202,63161,80,6,6,4,455,911,1525251629,8,237,192.168.7.215_63161,17.253.71.202_80,57,57,57_57
192.168.7.49,8.8.8.8,61886,53,17,1,1,71,126,1525251628,8,916,192.168.7.49_61886,8.8.8.8_53,4,4,4_4
192.168.7.49,8.8.8.8,58297,53,17,1,1,71,126,1525251634,8,916,192.168.7.49_58297,8.8.8.8_53,4,4,4_4
192.168.7.49,8.8.8.8,60291,53,17,1,1,71,126,1525251634,8,916,192.168.7.49_60291,8.8.8.8_53,4,4,4_4
192.168.7.220,111.206.227.230,46342,443,6,3,1,316,52,1525251634,8,913,192.168.7.220_46342,111.206.227.230_443,59,59,59_59
192.168.7.34,202.108.250.210,5887,80,6,21,28,1058,36662,1525251631,8,237,192.168.7.34_5887,202.108.250.210_80,48,48,48_48
192.168.7.34,202.108.250.210,5888,80,6,4,4,358,1111,1525251631,8,237,192.168.7.34_5888,202.108.250.210_80,48,48,48_48
192.168.7.47,202.106.0.20,57049,53,17,0,1,0,255,1525251632,8,916,192.168.7.47_57049,202.106.0.20_53,1,1,1_1
192.168.7.49,202.106.0.20,58297,53,17,1,1,71,126,1525251634,8,916,192.168.7.49_58297,202.106.0.20_53,4,1,1_4
192.168.7.49,202.106.0.20,60291,53,17,1,1,71,126,1525251634,8,916,192.168.7.49_60291,202.106.0.20_53,4,1,1_4
192.168.7.49,202.106.0.20,65349,53,17,1,1,71,126,1525251634,8,916,192.168.7.49_65349,202.106.0.20_53,4,1,1_4
192.168.6.254,114.114.114.114,64592,53,17,1,1,54,102,1525251624,8,916,192.168.6.254_64592,114.114.114.114_53,3,3,3_3
202.108.250.214,192.168.7.34,80,5884,6,5,6,1851,460,1525251629,8,237,202.108.250.214_80,192.168.7.34_5884,60,60,60_60
192.168.7.66,202.106.0.20,57189,53,17,1,1,71,518,1525251631,8,916,192.168.7.66_57189,202.106.0.20_53,1,1,1_1
192.168.7.147,202.106.0.20,51614,53,17,1,1,65,461,1525251634,8,916,192.168.7.147_51614,202.106.0.20_53,1,1,1_1
192.168.6.238,202.106.0.20,61339,53,17,1,1,55,257,1525251632,8,916,192.168.6.238_61339,202.106.0.20_53,1,1,1_1
192.168.7.219,202.106.0.20,64756,53,17,1,1,69,235,1525251630,8,916,192.168.7.219_64756,202.106.0.20_53,1,1,1_1
192.168.7.220,202.106.0.20,2130,53,17,1,1,59,260,1525251634,8,916,192.168.7.220_2130,202.106.0.20_53,1,1,1_1
192.168.7.220,202.106.0.20,6459,53,17,1,1,62,266,1525251634,8,916,192.168.7.220_6459,202.106.0.20_53,1,1,1_1
192.168.7.220,202.106.0.20,11325,53,17,1,1,57,256,1525251634,8,916,192.168.7.220_11325,202.106.0.20_53,1,1,1_1
192.168.7.202,123.125.18.95,58828,443,6,3,1,390,52,1525251627,5,668,192.168.7.202_58828,123.125.18.95_443,61,61,61_61
192.168.7.157,211.90.25.49,52396,443,6,14,23,2158,7664,1525251629,8,913,192.168.7.157_52396,211.90.25.49_443,29,29,29_29
192.168.7.157,211.90.25.49,52395,443,6,14,23,1761,10480,1525251631,8,913,192.168.7.157_52395,211.90.25.49_443,29,29,29_29
192.168.7.157,211.90.25.49,52418,443,6,3,19,649,988,1525251635,8,913,192.168.7.157_52418,211.90.25.49_443,29,29,29_29
192.168.7.132,202.106.0.20,57656,53,17,1,1,59,288,1525251634,8,916,192.168.7.132_57656,202.106.0.20_53,1,1,1_1
192.168.7.118,202.106.0.20,56786,53,17,1,1,71,126,1525251635,8,916,192.168.7.118_56786,202.106.0.20_53,1,1,1_1
192.168.7.196,140.207.54.47,44286,80,6,6,5,2769,522,1525251604,8,237,192.168.7.196_44286,140.207.54.47_80,62,62,62_62
192.168.7.107,202.106.0.20,49601,53,17,1,1,60,263,1525251631,8,916,192.168.7.107_49601,202.106.0.20_53,1,1,1_1
192.168.7.215,202.106.0.20,59051,53,17,1,1,65,230,1525251633,8,916,192.168.7.215_59051,202.106.0.20_53,1,1,1_1
192.168.7.215,202.106.0.20,55657,53,17,1,1,71,510,1525251633,8,916,192.168.7.215_55657,202.106.0.20_53,1,1,1_1
192.168.7.215,202.106.0.20,63792,53,17,1,1,71,529,1525251634,8,916,192.168.7.215_63792,202.106.0.20_53,1,1,1_1
192.168.7.157,211.90.25.49,52419,443,6,2,23,92,5082,1525251635,8,913,192.168.7.157_52419,211.90.25.49_443,29,29,29_29
192.168.7.220,110.75.129.11,39141,443,6,3,1,303,60,1525251636,5,252,192.168.7.220_39141,110.75.129.11_443,64,64,64_64
192.168.7.17,202.106.0.20,52343,53,17,1,1,71,126,1525251630,8,916,192.168.7.17_52343,202.106.0.20_53,1,1,1_1
192.168.6.225,202.106.0.20,49159,53,17,1,1,69,217,1525251632,8,916,192.168.6.225_49159,202.106.0.20_53,1,1,1_1
192.168.6.225,202.106.0.20,60098,53,17,1,1,67,215,1525251632,8,916,192.168.6.225_60098,202.106.0.20_53,1,1,1_1
192.168.6.225,202.106.0.20,61878,53,17,1,1,67,215,1525251632,8,916,192.168.6.225_61878,202.106.0.20_53,1,1,1_1
192.168.7.202,202.106.0.20,54008,53,17,1,1,62,419,1525251627,8,916,192.168.7.202_54008,202.106.0.20_53,1,1,1_1
192.168.7.202,202.106.0.20,54021,53,17,1,1,66,282,1525251627,8,916,192.168.7.202_54021,202.106.0.20_53,1,1,1_1
192.168.1.111,202.106.0.20,40129,53,17,1,1,55,257,1525251631,8,916,192.168.1.111_40129,202.106.0.20_53,1,1,1_1
192.168.7.202,202.106.0.20,56256,53,17,1,1,70,511,1525251634,8,916,192.168.7.202_56256,202.106.0.20_53,1,1,1_1
192.168.7.222,202.106.0.20,54834,53,17,1,1,62,346,1525251629,8,916,192.168.7.222_54834,202.106.0.20_53,1,1,1_1
192.168.7.34,202.106.0.20,54862,53,17,1,1,73,495,1525251630,8,916,192.168.7.34_54862,202.106.0.20_53,1,1,1_1
192.168.6.217,202.106.0.20,51230,53,17,1,1,67,364,1525251632,8,916,192.168.6.217_51230,202.106.0.20_53,1,1,1_1
192.168.7.220,202.106.0.20,19463,53,17,1,1,58,258,1525251635,8,916,192.168.7.220_19463,202.106.0.20_53,1,1,1_1
192.168.7.220,202.106.0.20,27207,53,17,1,1,64,304,1525251635,8,916,192.168.7.220_27207,202.106.0.20_53,1,1,1_1
192.168.7.220,202.106.0.20,13397,53,17,1,1,58,258,1525251635,8,916,192.168.7.220_13397,202.106.0.20_53,1,1,1_1
192.168.7.220,202.106.0.20,18457,53,17,1,1,61,293,1525251636,8,916,192.168.7.220_18457,202.106.0.20_53,1,1,1_1
192.168.6.237,124.163.205.103,53309,80,6,4917,7049,239703,10182483,1525251627,8,237,192.168.6.237_53309,124.163.205.103_80,65,65,65_65
23.42.138.79,192.168.6.237,443,53302,6,10,8,4914,1206,1525251601,8,913,23.42.138.79_443,192.168.6.237_53302,66,66,66_66
192.168.7.131,14.204.147.95,10679,443,6,3,4,537,3020,1525251622,8,913,192.168.7.131_10679,14.204.147.95_443,68,68,68_68
192.168.7.131,14.204.147.95,10678,443,6,3,4,537,3020,1525251622,8,913,192.168.7.131_10678,14.204.147.95_443,68,68,68_68
192.168.7.131,14.204.147.95,10680,443,6,2,4,497,3020,1525251622,8,913,192.168.7.131_10680,14.204.147.95_443,68,68,68_68
192.168.7.192,202.106.0.20,49589,53,17,1,1,71,126,1525251636,8,916,192.168.7.192_49589,202.106.0.20_53,1,1,1_1
192.168.7.196,106.75.23.100,44361,443,6,3,1,681,60,1525251610,8,913,192.168.7.196_44361,106.75.23.100_443,69,69,69_69
192.168.6.225,122.193.207.31,55581,80,6,4,4,405,399,1525251618,8,237,192.168.6.225_55581,122.193.207.31_80,71,71,71_71
192.168.6.237,114.114.114.114,49502,53,17,1,1,81,239,1525251620,8,916,192.168.6.237_49502,114.114.114.114_53,3,3,3_3
192.168.7.25,202.106.0.20,63900,53,17,1,1,71,126,1525251636,8,916,192.168.7.25_63900,202.106.0.20_53,1,1,1_1
192.168.7.131,202.108.23.152,10676,443,6,19,19,7901,2467,1525251639,8,913,192.168.7.131_10676,202.108.23.152_443,38,38,38_38
192.168.7.31,202.106.0.20,57354,53,17,1,1,69,383,1525251637,8,916,192.168.7.31_57354,202.106.0.20_53,1,1,1_1
192.168.1.112,202.106.0.20,50583,53,17,1,1,55,257,1525251638,8,916,192.168.1.112_50583,202.106.0.20_53,1,1,1_1
192.168.7.222,202.106.0.20,51033,53,17,0,1,0,126,1525251638,8,916,192.168.7.222_51033,202.106.0.20_53,1,1,1_1
192.168.6.217,202.106.0.20,62144,53,17,0,1,0,364,1525251638,8,916,192.168.6.217_62144,202.106.0.20_53,1,1,1_1
192.168.7.194,119.29.49.207,58542,80,6,4,4,470,358,1525251639,8,237,192.168.7.194_58542,119.29.49.207_80,73,73,73_73
192.168.7.49,8.8.8.8,65349,53,17,1,1,71,126,1525251634,8,916,192.168.7.49_65349,8.8.8.8_53,4,4,4_4
192.168.7.49,8.8.8.8,63526,53,17,1,1,71,126,1525251639,8,916,192.168.7.49_63526,8.8.8.8_53,4,4,4_4
192.168.7.49,8.8.8.8,49380,53,17,1,1,71,126,1525251639,8,916,192.168.7.49_49380,8.8.8.8_53,4,4,4_4
192.168.7.220,202.106.0.20,30607,53,17,1,1,56,183,1525251637,8,916,192.168.7.220_30607,202.106.0.20_53,1,1,1_1
192.168.7.220,202.106.0.20,23121,53,17,1,1,61,201,1525251637,8,916,192.168.7.220_23121,202.106.0.20_53,1,1,1_1
192.168.7.220,202.106.0.20,4393,53,17,1,1,59,413,1525251638,8,916,192.168.7.220_4393,202.106.0.20_53,1,1,1_1
192.168.7.49,202.106.0.20,63526,53,17,1,1,71,126,1525251639,8,916,192.168.7.49_63526,202.106.0.20_53,4,1,1_4
192.168.7.49,202.106.0.20,49380,53,17,1,1,71,126,1525251639,8,916,192.168.7.49_49380,202.106.0.20_53,4,1,1_4
192.168.7.49,202.106.0.20,52007,53,17,1,1,71,126,1525251639,8,916,192.168.7.49_52007,202.106.0.20_53,4,1,1_4
192.168.7.157,211.90.25.49,52425,443,6,3,20,666,1040,1525251636,8,913,192.168.7.157_52425,211.90.25.49_443,29,29,29_29
192.168.7.157,211.90.25.49,52426,443,6,3,20,649,1040,1525251636,8,913,192.168.7.157_52426,211.90.25.49_443,29,29,29_29
192.168.7.157,211.90.25.49,52427,443,6,3,21,649,1092,1525251636,8,913,192.168.7.157_52427,211.90.25.49_443,29,29,29_29
192.168.7.47,140.205.78.2,56286,443,6,3,1,651,52,1525251632,5,351,192.168.7.47_56286,140.205.78.2_443,74,74,74_74
192.168.1.203,172.16.10.3,65202,53,17,5,0,370,0,1525251634,8,916,192.168.1.203_65202,172.16.10.3_53,12,12,12_12
192.168.6.238,202.106.0.20,50351,53,17,1,1,71,126,1525251635,8,916,192.168.6.238_50351,202.106.0.20_53,1,1,1_1
192.168.6.242,202.106.0.20,62311,53,17,1,1,61,276,1525251635,8,916,192.168.6.242_62311,202.106.0.20_53,1,1,1_1
192.168.6.242,202.106.0.20,49434,53,17,1,1,61,275,1525251635,8,916,192.168.6.242_49434,202.106.0.20_53,1,1,1_1
192.168.7.38,120.92.15.24,52052,443,6,3,1,645,48,1525251622,8,913,192.168.7.38_52052,120.92.15.24_443,24,24,24_24
192.168.7.38,120.92.15.24,52054,443,6,3,1,645,48,1525251630,8,913,192.168.7.38_52054,120.92.15.24_443,24,24,24_24
192.168.7.79,202.106.0.20,50759,53,17,1,1,71,126,1525251640,8,916,192.168.7.79_50759,202.106.0.20_53,1,1,1_1
192.168.7.233,180.76.76.76,36358,53,17,1,1,57,203,1525251635,8,916,192.168.7.233_36358,180.76.76.76_53,76,76,76_76
192.168.7.233,180.76.76.76,53788,53,17,1,1,61,215,1525251639,8,916,192.168.7.233_53788,180.76.76.76_53,76,76,76_76
192.168.7.233,180.76.76.76,34876,53,17,1,1,62,94,1525251641,8,916,192.168.7.233_34876,180.76.76.76_53,76,76,76_76
192.168.7.233,180.76.76.76,42308,53,17,1,1,63,117,1525251641,8,916,192.168.7.233_42308,180.76.76.76_53,76,76,76_76
192.168.7.233,180.76.76.76,40754,53,17,1,1,59,91,1525251641,8,916,192.168.7.233_40754,180.76.76.76_53,76,76,76_76
192.168.7.233,180.76.76.76,39889,53,17,1,1,64,113,1525251641,8,916,192.168.7.233_39889,180.76.76.76_53,76,76,76_76
192.168.7.233,180.76.76.76,53011,53,17,1,1,59,335,1525251641,8,916,192.168.7.233_53011,180.76.76.76_53,76,76,76_76
192.168.7.38,111.207.177.143,52060,80,6,5,4,590,560,1525251633,8,237,192.168.7.38_52060,111.207.177.143_80,56,56,56_56
192.168.7.38,111.207.177.143,52061,80,6,5,4,585,313,1525251634,8,237,192.168.7.38_52061,111.207.177.143_80,56,56,56_56
192.168.7.38,111.207.177.143,52062,80,6,5,4,583,313,1525251634,8,237,192.168.7.38_52062,111.207.177.143_80,56,56,56_56
192.168.7.248,111.206.200.76,58285,443,6,3,1,657,60,1525251641,8,675,192.168.7.248_58285,111.206.200.76_443,77,77,77_77
192.168.6.242,61.135.186.100,54690,80,6,5,3,840,352,1525251635,8,237,192.168.6.242_54690,61.135.186.100_80,45,45,45_45
192.168.6.254,202.106.0.20,57262,53,17,1,1,52,284,1525251635,8,916,192.168.6.254_57262,202.106.0.20_53,3,1,1_3
192.168.6.254,202.106.0.20,62800,53,17,1,1,72,539,1525251636,8,916,192.168.6.254_62800,202.106.0.20_53,3,1,1_3
192.168.6.254,202.106.0.20,53361,53,17,1,1,67,440,1525251637,8,916,192.168.6.254_53361,202.106.0.20_53,1,1,1_1
192.168.7.157,123.125.81.6,53278,53,17,1,1,63,113,1525251623,8,916,192.168.7.157_53278,123.125.81.6_53,9,9,9_9
192.168.7.157,123.125.81.6,49478,53,17,1,1,76,92,1525251623,8,916,192.168.7.157_49478,123.125.81.6_53,9,9,9_9
192.168.7.233,123.125.9.11,35470,443,6,3,1,342,52,1525251642,8,913,192.168.7.233_35470,123.125.9.11_443,79,79,79_79
192.168.7.233,123.125.9.11,35472,443,6,2,1,282,52,1525251642,8,913,192.168.7.233_35472,123.125.9.11_443,79,79,79_79
192.168.7.233,123.125.9.11,35474,443,6,3,1,342,52,1525251642,8,913,192.168.7.233_35474,123.125.9.11_443,79,79,79_79
192.168.7.220,42.120.158.41,37897,443,6,3,1,307,60,1525251642,8,913,192.168.7.220_37897,42.120.158.41_443,81,81,81_81
192.168.7.234,223.252.199.66,60663,443,6,3,2,168,112,1525251642,8,913,192.168.7.234_60663,223.252.199.66_443,83,83,83_83
192.168.1.204,8.8.8.8,21710,53,17,1,1,59,98,1525251625,8,916,192.168.1.204_21710,8.8.8.8_53,4,4,4_4
192.168.1.204,8.8.8.8,64792,53,17,1,1,59,110,1525251625,8,916,192.168.1.204_64792,8.8.8.8_53,4,4,4_4
192.168.1.204,8.8.8.8,55924,53,17,1,1,59,98,1525251633,8,916,192.168.1.204_55924,8.8.8.8_53,4,4,4_4
192.168.1.204,8.8.8.8,12707,53,17,1,1,59,110,1525251633,8,916,192.168.1.204_12707,8.8.8.8_53,4,4,4_4
192.168.7.34,202.108.250.210,5889,80,6,5,5,419,1161,1525251634,8,237,192.168.7.34_5889,202.108.250.210_80,48,48,48_48
192.168.6.253,202.106.0.20,59937,53,17,1,1,71,126,1525251635,8,916,192.168.6.253_59937,202.106.0.20_53,1,1,1_1
192.168.7.68,114.114.114.114,64573,53,17,1,1,62,168,1525251640,8,916,192.168.7.68_64573,114.114.114.114_53,3,3,3_3
192.168.7.68,114.114.114.114,54167,53,17,1,1,63,200,1525251640,8,916,192.168.7.68_54167,114.114.114.114_53,3,3,3_3
192.168.7.68,114.114.114.114,50294,53,17,1,1,62,78,1525251640,8,916,192.168.7.68_50294,114.114.114.114_53,3,3,3_3
192.168.7.157,114.114.114.114,49478,53,17,1,1,76,92,1525251623,8,916,192.168.7.157_49478,114.114.114.114_53,9,3,3_9
192.168.7.157,114.114.114.114,61296,53,17,3,3,228,483,1525251628,8,916,192.168.7.157_61296,114.114.114.114_53,3,3,3_3
192.168.7.246,218.11.2.115,36292,443,6,3,1,307,60,1525251643,7,250,192.168.7.246_36292,218.11.2.115_443,36,36,36_36
192.168.7.246,218.11.2.115,36293,443,6,3,1,308,60,1525251643,7,250,192.168.7.246_36293,218.11.2.115_443,36,36,36_36
192.168.7.246,218.11.2.115,36298,443,6,3,1,657,60,1525251643,7,250,192.168.7.246_36298,218.11.2.115_443,36,36,36_36
192.168.7.44,114.114.114.114,56146,53,17,1,1,71,126,1525251635,8,916,192.168.7.44_56146,114.114.114.114_53,3,3,3_3
192.168.7.103,114.114.114.114,63284,53,17,1,1,71,126,1525251637,8,916,192.168.7.103_63284,114.114.114.114_53,3,3,3_3
192.168.7.194,114.114.114.114,57853,53,17,1,1,61,130,1525251639,8,916,192.168.7.194_57853,114.114.114.114_53,3,3,3_3
192.168.7.86,114.114.114.114,55091,53,17,1,1,71,126,1525251642,8,916,192.168.7.86_55091,114.114.114.114_53,3,3,3_3
211.90.25.35,192.168.6.254,80,60982,6,4,4,866,335,1525251637,8,237,211.90.25.35_80,192.168.6.254_60982,84,84,84_84
192.168.7.66,202.106.0.20,50288,53,17,1,1,61,410,1525251642,8,916,192.168.7.66_50288,202.106.0.20_53,1,1,1_1
192.168.7.229,202.106.0.20,61229,53,17,1,1,63,276,1525251642,8,916,192.168.7.229_61229,202.106.0.20_53,1,1,1_1
192.168.7.229,202.106.0.20,55999,53,17,1,1,74,458,1525251643,8,916,192.168.7.229_55999,202.106.0.20_53,1,1,1_1
192.168.7.229,202.106.0.20,52850,53,17,1,1,59,520,1525251643,8,916,192.168.7.229_52850,202.106.0.20_53,1,1,1_1
192.168.7.196,111.206.25.166,58335,80,6,6,4,1239,406,1525251611,8,237,192.168.7.196_58335,111.206.25.166_80,86,86,86_86
192.168.7.228,202.106.0.20,61365,53,17,1,1,56,164,1525251639,8,916,192.168.7.228_61365,202.106.0.20_53,1,1,1_1
192.168.7.248,202.106.0.20,41316,53,17,1,1,68,462,1525251641,8,916,192.168.7.248_41316,202.106.0.20_53,1,1,1_1
192.168.7.132,202.106.0.20,51681,53,17,1,1,71,462,1525251639,8,916,192.168.7.132_51681,202.106.0.20_53,1,1,1_1
192.168.7.220,111.206.227.230,46343,443,6,3,1,316,52,1525251634,8,913,192.168.7.220_46343,111.206.227.230_443,59,59,59_59
192.168.7.220,111.206.227.230,46349,443,6,3,1,316,52,1525251635,8,913,192.168.7.220_46349,111.206.227.230_443,59,59,59_59
192.168.7.229,202.106.0.20,64266,53,17,1,1,60,489,1525251643,8,916,192.168.7.229_64266,202.106.0.20_53,1,1,1_1
192.168.6.254,202.106.0.20,50055,53,17,1,1,65,461,1525251644,8,916,192.168.6.254_50055,202.106.0.20_53,1,1,1_1
192.168.7.229,202.106.0.20,53865,53,17,1,1,71,529,1525251644,8,916,192.168.7.229_53865,202.106.0.20_53,1,1,1_1
192.168.7.229,202.106.0.20,64456,53,17,1,1,76,536,1525251644,8,916,192.168.7.229_64456,202.106.0.20_53,1,1,1_1
192.168.7.233,180.76.76.76,43806,53,17,0,1,0,79,1525251641,8,916,192.168.7.233_43806,180.76.76.76_53,76,76,76_76
192.168.7.233,180.76.76.76,46740,53,17,1,1,60,367,1525251642,8,916,192.168.7.233_46740,180.76.76.76_53,76,76,76_76
192.168.7.233,180.76.76.76,49497,53,17,1,1,61,138,1525251644,8,916,192.168.7.233_49497,180.76.76.76_53,76,76,76_76
192.168.7.233,180.76.76.76,36106,53,17,1,1,66,198,1525251644,8,916,192.168.7.233_36106,180.76.76.76_53,76,76,76_76
192.168.7.233,180.76.76.76,60783,53,17,1,1,62,110,1525251644,8,916,192.168.7.233_60783,180.76.76.76_53,76,76,76_76
192.168.7.178,111.200.195.69,54213,443,6,3,3,295,273,1525251640,8,913,192.168.7.178_54213,111.200.195.69_443,50,50,50_50
192.168.7.47,202.106.0.20,56911,53,17,1,1,53,352,1525251640,8,916,192.168.7.47_56911,202.106.0.20_53,1,1,1_1
192.168.7.25,202.106.0.20,56411,53,17,1,1,61,298,1525251641,8,916,192.168.7.25_56411,202.106.0.20_53,1,1,1_1
192.168.7.47,202.106.0.20,55218,53,17,1,1,71,126,1525251641,8,916,192.168.7.47_55218,202.106.0.20_53,1,1,1_1
192.168.7.49,202.106.0.20,50030,53,17,1,1,71,126,1525251644,8,916,192.168.7.49_50030,202.106.0.20_53,4,1,1_4
192.168.7.49,202.106.0.20,63407,53,17,1,1,71,126,1525251644,8,916,192.168.7.49_63407,202.106.0.20_53,4,1,1_4
192.168.7.49,8.8.8.8,52007,53,17,1,1,71,126,1525251639,8,916,192.168.7.49_52007,8.8.8.8_53,4,4,4_4
192.168.7.49,8.8.8.8,50030,53,17,1,1,71,126,1525251644,8,916,192.168.7.49_50030,8.8.8.8_53,4,4,4_4
192.168.7.49,8.8.8.8,63407,53,17,1,1,71,126,1525251644,8,916,192.168.7.49_63407,8.8.8.8_53,4,4,4_4
192.168.7.220,202.106.0.20,8539,53,17,0,1,0,496,1525251640,8,916,192.168.7.220_8539,202.106.0.20_53,1,1,1_1
192.168.7.220,202.106.0.20,7094,53,17,1,1,68,236,1525251642,8,916,192.168.7.220_7094,202.106.0.20_53,1,1,1_1
192.168.7.220,202.106.0.20,6499,53,17,1,1,69,238,1525251642,8,916,192.168.7.220_6499,202.106.0.20_53,1,1,1_1
192.168.7.215,114.114.114.114,49572,53,17,0,1,0,178,1525251643,8,916,192.168.7.215_49572,114.114.114.114_53,3,3,3_3
192.168.7.233,111.161.112.111,36628,443,6,3,1,341,52,1525251644,8,913,192.168.7.233_36628,111.161.112.111_443,88,88,88_88
192.168.7.233,111.161.112.111,36638,443,6,3,1,341,52,1525251645,8,913,192.168.7.233_36638,111.161.112.111_443,88,88,88_88
192.168.7.233,111.161.112.111,36640,443,6,3,1,341,52,1525251645,8,913,192.168.7.233_36640,111.161.112.111_443,88,88,88_88
192.168.7.233,111.161.112.111,36642,443,6,3,1,341,52,1525251645,8,913,192.168.7.233_36642,111.161.112.111_443,88,88,88_88
192.168.7.185,114.114.114.114,51557,53,17,1,1,69,167,1525251644,8,916,192.168.7.185_51557,114.114.114.114_53,3,3,3_3
192.168.7.246,111.202.34.19,38850,443,6,2,4,112,2912,1525251645,8,913,192.168.7.246_38850,111.202.34.19_443,89,89,89_89
218.12.233.44,192.168.6.237,80,53329,6,1063,695,1546406,33699,1525251644,8,237,218.12.233.44_80,192.168.6.237_53329,90,90,90_90
192.168.7.131,123.6.7.30,10674,443,6,3,4,516,3092,1525251622,8,913,192.168.7.131_10674,123.6.7.30_443,26,26,26_26
192.168.7.215,202.106.0.20,49572,53,17,2,2,148,972,1525251641,8,916,192.168.7.215_49572,202.106.0.20_53,3,1,1_3
192.168.7.42,202.106.0.20,61627,53,17,1,1,71,126,1525251636,8,916,192.168.7.42_61627,202.106.0.20_53,1,1,1_1
192.168.1.111,202.106.0.20,45075,53,17,1,1,55,257,1525251642,8,916,192.168.1.111_45075,202.106.0.20_53,1,1,1_1
192.168.7.215,17.252.236.164,63167,443,6,3,5,390,3655,1525251634,8,913,192.168.7.215_63167,17.252.236.164_443,91,91,91_91
192.168.7.144,106.11.47.19,59405,80,6,11,13,6370,6492,1525251621,2,262,192.168.7.144_59405,106.11.47.19_80,14,14,14_14
192.168.7.233,180.76.76.76,48809,53,17,1,1,59,123,1525251644,8,916,192.168.7.233_48809,180.76.76.76_53,76,76,76_76
192.168.7.233,180.76.76.76,52617,53,17,1,1,59,310,1525251644,8,916,192.168.7.233_52617,180.76.76.76_53,76,76,76_76
192.168.7.233,180.76.76.76,45412,53,17,1,1,57,105,1525251644,8,916,192.168.7.233_45412,180.76.76.76_53,76,76,76_76
192.168.7.233,180.76.76.76,50967,53,17,1,1,62,110,1525251644,8,916,192.168.7.233_50967,180.76.76.76_53,76,76,76_76
192.168.7.233,180.76.76.76,62211,53,17,1,1,61,77,1525251645,8,916,192.168.7.233_62211,180.76.76.76_53,76,76,76_76
192.168.7.229,202.106.0.20,60304,53,17,1,1,55,488,1525251644,8,916,192.168.7.229_60304,202.106.0.20_53,1,1,1_1
192.168.7.229,202.106.0.20,59687,53,17,1,1,63,537,1525251644,8,916,192.168.7.229_59687,202.106.0.20_53,1,1,1_1
192.168.6.254,202.106.0.20,51426,53,17,1,1,55,291,1525251645,8,916,192.168.6.254_51426,202.106.0.20_53,3,1,1_3
192.168.7.229,202.106.0.20,49481,53,17,1,1,71,529,1525251645,8,916,192.168.7.229_49481,202.106.0.20_53,1,1,1_1
192.168.6.242,61.135.186.100,54687,80,6,5,5,515,433,1525251645,8,237,192.168.6.242_54687,61.135.186.100_80,45,45,45_45
192.168.7.3,202.106.0.20,60770,53,17,1,1,61,410,1525251647,8,916,192.168.7.3_60770,202.106.0.20_53,1,1,1_1
192.168.7.185,114.114.114.114,60447,53,17,2,2,126,190,1525251645,8,916,192.168.7.185_60447,114.114.114.114_53,3,3,3_3
192.168.7.215,114.114.114.114,63432,53,17,2,2,124,308,1525251648,8,916,192.168.7.215_63432,114.114.114.114_53,3,3,3_3
192.168.7.215,114.114.114.114,57130,53,17,2,2,124,308,1525251648,8,916,192.168.7.215_57130,114.114.114.114_53,3,3,3_3
192.168.6.238,202.106.0.20,55792,53,17,1,1,72,386,1525251641,8,916,192.168.6.238_55792,202.106.0.20_53,1,1,1_1
192.168.7.187,202.106.0.20,55831,53,17,1,1,77,534,1525251643,8,916,192.168.7.187_55831,202.106.0.20_53,3,1,1_3
192.168.6.242,111.206.37.178,54692,80,6,4,5,443,433,1525251635,8,237,192.168.6.242_54692,111.206.37.178_80,93,93,93_93
192.168.6.242,111.206.37.178,54695,80,6,14,21,850,25388,1525251635,8,237,192.168.6.242_54695,111.206.37.178_80,93,93,93_93
192.168.7.220,111.206.25.147,45758,8080,6,5,4,1147,503,1525251644,8,237,192.168.7.220_45758,111.206.25.147_8080,94,94,94_94
192.168.1.204,8.8.8.8,53328,53,17,1,1,59,98,1525251642,8,916,192.168.1.204_53328,8.8.8.8_53,4,4,4_4
192.168.1.204,8.8.8.8,31204,53,17,1,1,59,110,1525251643,8,916,192.168.1.204_31204,8.8.8.8_53,4,4,4_4
192.168.7.132,202.106.0.20,53401,53,17,1,1,69,235,1525251644,8,916,192.168.7.132_53401,202.106.0.20_53,1,1,1_1
192.168.7.38,202.106.0.20,60999,53,17,1,1,65,461,1525251645,8,916,192.168.7.38_60999,202.106.0.20_53,1,1,1_1
192.168.7.40,202.106.0.20,51619,53,17,1,1,71,126,1525251646,8,916,192.168.7.40_51619,202.106.0.20_53,1,1,1_1
192.168.7.215,202.106.0.20,58288,53,17,2,2,122,480,1525251649,8,916,192.168.7.215_58288,202.106.0.20_53,3,1,1_3
192.168.7.215,202.106.0.20,63298,53,17,2,2,140,1040,1525251649,8,916,192.168.7.215_63298,202.106.0.20_53,3,1,1_3
192.168.7.187,114.114.114.114,55831,53,17,1,1,77,213,1525251643,8,916,192.168.7.187_55831,114.114.114.114_53,3,3,3_3
192.168.7.157,114.114.114.114,62631,53,17,2,2,136,278,1525251643,8,916,192.168.7.157_62631,114.114.114.114_53,3,3,3_3
192.168.7.157,114.114.114.114,65459,53,17,2,2,118,278,1525251647,8,916,192.168.7.157_65459,114.114.114.114_53,9,3,3_9
192.168.6.225,111.202.102.35,55583,80,6,5,3,854,298,1525251632,8,237,192.168.6.225_55583,111.202.102.35_80,95,95,95_95
192.168.7.233,111.161.64.101,48246,80,6,7,6,682,3723,1525251639,8,237,192.168.7.233_48246,111.161.64.101_80,96,96,96_96
192.168.7.215,202.106.0.20,61299,53,17,2,2,110,616,1525251649,8,916,192.168.7.215_61299,202.106.0.20_53,3,1,1_3
192.168.7.215,202.106.0.20,64365,53,17,2,2,128,486,1525251649,8,916,192.168.7.215_64365,202.106.0.20_53,3,1,1_3
192.168.7.215,202.106.0.20,58922,53,17,2,2,120,634,1525251649,8,916,192.168.7.215_58922,202.106.0.20_53,3,1,1_3
192.168.7.215,202.106.0.20,61406,53,17,2,2,132,514,1525251649,8,916,192.168.7.215_61406,202.106.0.20_53,3,1,1_3
192.168.7.215,202.106.0.20,56669,53,17,2,2,114,916,1525251649,8,916,192.168.7.215_56669,202.106.0.20_53,3,1,1_3
192.168.7.234,202.106.0.20,53152,53,17,1,1,62,417,1525251644,8,916,192.168.7.234_53152,202.106.0.20_53,1,1,1_1
192.168.7.31,202.106.0.20,53041,53,17,1,1,58,321,1525251647,8,916,192.168.7.31_53041,202.106.0.20_53,1,1,1_1
192.168.1.112,202.106.0.20,40743,53,17,1,1,55,257,1525251648,8,916,192.168.1.112_40743,202.106.0.20_53,1,1,1_1
192.168.7.31,202.106.0.20,56718,53,17,0,1,0,303,1525251649,8,916,192.168.7.31_56718,202.106.0.20_53,1,1,1_1
192.168.7.215,202.106.0.20,64353,53,17,2,2,124,510,1525251649,8,916,192.168.7.215_64353,202.106.0.20_53,3,1,1_3
192.168.7.215,202.106.0.20,63688,53,17,2,2,132,750,1525251649,8,916,192.168.7.215_63688,202.106.0.20_53,3,1,1_3
192.168.7.215,202.106.0.20,63348,53,17,2,2,122,474,1525251649,8,916,192.168.7.215_63348,202.106.0.20_53,3,1,1_3
192.168.7.215,202.106.0.20,55513,53,17,2,2,134,752,1525251649,8,916,192.168.7.215_55513,202.106.0.20_53,3,1,1_3
192.168.7.215,202.106.0.20,52142,53,17,2,2,136,502,1525251649,8,916,192.168.7.215_52142,202.106.0.20_53,3,1,1_3
192.168.7.215,202.106.0.20,62312,53,17,2,2,130,522,1525251649,8,916,192.168.7.215_62312,202.106.0.20_53,3,1,1_3
192.168.7.215,202.106.0.20,50734,53,17,2,2,118,576,1525251649,8,916,192.168.7.215_50734,202.106.0.20_53,3,1,1_3
192.168.7.215,202.106.0.20,64488,53,17,2,2,132,494,1525251649,8,916,192.168.7.215_64488,202.106.0.20_53,3,1,1_3
192.168.7.208,114.114.114.114,62009,53,17,1,1,56,72,1525251624,8,916,192.168.7.208_62009,114.114.114.114_53,3,3,3_3
192.168.7.208,114.114.114.114,56131,53,17,1,1,60,123,1525251642,8,916,192.168.7.208_56131,114.114.114.114_53,3,3,3_3
192.168.7.182,223.166.152.101,54874,80,6,6,4,1092,1445,1525251609,8,237,192.168.7.182_54874,223.166.152.101_80,98,98,98_98
192.168.7.182,223.166.152.101,54875,80,6,6,4,966,530,1525251620,8,237,192.168.7.182_54875,223.166.152.101_80,98,98,98_98
192.168.7.157,111.206.76.34,52434,443,6,7,26,869,5238,1525251648,8,913,192.168.7.157_52434,111.206.76.34_443,100,100,100_100
192.168.7.185,114.114.114.114,49737,53,17,1,1,62,107,1525251648,8,916,192.168.7.185_49737,114.114.114.114_53,3,3,3_3
192.168.7.49,202.106.0.20,57155,53,17,1,1,71,126,1525251645,8,916,192.168.7.49_57155,202.106.0.20_53,4,1,1_4
192.168.7.214,202.106.0.20,60605,53,17,1,1,63,276,1525251645,8,916,192.168.7.214_60605,202.106.0.20_53,1,1,1_1
192.168.7.49,8.8.8.8,57155,53,17,1,1,71,126,1525251645,8,916,192.168.7.49_57155,8.8.8.8_53,4,4,4_4
192.168.7.49,8.8.8.8,50572,53,17,1,1,71,126,1525251650,8,916,192.168.7.49_50572,8.8.8.8_53,4,4,4_4
192.168.7.49,8.8.8.8,59890,53,17,1,1,71,126,1525251650,8,916,192.168.7.49_59890,8.8.8.8_53,4,4,4_4
192.168.7.215,202.106.0.20,56260,53,17,2,2,128,464,1525251651,8,916,192.168.7.215_56260,202.106.0.20_53,3,1,1_3
192.168.7.215,114.114.114.114,53942,53,17,2,2,124,308,1525251648,8,916,192.168.7.215_53942,114.114.114.114_53,3,3,3_3
192.168.7.215,114.114.114.114,58034,53,17,2,2,124,308,1525251648,8,916,192.168.7.215_58034,114.114.114.114_53,3,3,3_3
192.168.7.215,114.114.114.114,54292,53,17,2,2,124,308,1525251648,8,916,192.168.7.215_54292,114.114.114.114_53,3,3,3_3
192.168.7.215,114.114.114.114,65144,53,17,1,2,62,308,1525251648,8,916,192.168.7.215_65144,114.114.114.114_53,3,3,3_3
192.168.1.203,172.16.10.3,63866,53,17,5,0,370,0,1525251647,8,916,192.168.1.203_63866,172.16.10.3_53,12,12,12_12
192.168.7.246,218.11.2.115,36299,443,6,3,1,657,60,1525251643,7,250,192.168.7.246_36299,218.11.2.115_443,36,36,36_36
192.168.7.246,218.11.2.115,36301,443,6,3,1,307,60,1525251646,7,250,192.168.7.246_36301,218.11.2.115_443,36,36,36_36
192.168.7.246,218.11.2.115,36303,443,6,3,1,307,60,1525251651,7,250,192.168.7.246_36303,218.11.2.115_443,36,36,36_36
192.168.7.215,202.106.0.20,53170,53,17,2,2,132,750,1525251651,8,916,192.168.7.215_53170,202.106.0.20_53,3,1,1_3
192.168.7.215,202.106.0.20,49464,53,17,2,2,124,580,1525251651,8,916,192.168.7.215_49464,202.106.0.20_53,3,1,1_3
192.168.7.215,114.114.114.114,52142,53,17,3,3,204,345,1525251651,8,916,192.168.7.215_52142,114.114.114.114_53,3,3,3_3
192.168.7.233,111.161.112.111,36644,443,6,2,5,100,4519,1525251645,8,913,192.168.7.233_36644,111.161.112.111_443,88,88,88_88
192.168.7.215,202.106.0.20,62849,53,17,2,2,124,580,1525251651,8,916,192.168.7.215_62849,202.106.0.20_53,3,1,1_3
192.168.7.215,202.106.0.20,64180,53,17,2,2,124,580,1525251651,8,916,192.168.7.215_64180,202.106.0.20_53,3,1,1_3
192.168.7.215,202.106.0.20,60210,53,17,2,2,124,582,1525251651,8,916,192.168.7.215_60210,202.106.0.20_53,3,1,1_3
192.168.7.220,202.106.0.20,23711,53,17,1,1,64,204,1525251645,8,916,192.168.7.220_23711,202.106.0.20_53,1,1,1_1
192.168.7.220,202.106.0.20,21150,53,17,1,1,62,302,1525251646,8,916,192.168.7.220_21150,202.106.0.20_53,1,1,1_1
192.168.7.157,112.65.74.131,52400,443,6,3,1,649,52,1525251619,8,913,192.168.7.157_52400,112.65.74.131_443,101,101,101_101
192.168.7.157,112.65.74.129,52436,443,6,3,2,661,104,1525251652,8,913,192.168.7.157_52436,112.65.74.129_443,103,103,103_103
192.168.7.215,114.114.114.114,57855,53,17,2,2,124,552,1525251652,8,916,192.168.7.215_57855,114.114.114.114_53,3,3,3_3
224.0.0.22,192.168.7.185,0,0,2,0,7,0,320,1525251644,8,1676,224.0.0.22_0,192.168.7.185_0,104,104,104_104
59.111.160.197,192.168.7.234,443,60667,6,5,3,3575,285,1525251642,8,913,59.111.160.197_443,192.168.7.234_60667,105,105,105_105
220.194.213.3,192.168.7.234,80,60669,6,145,111,212848,5144,1525251646,8,237,220.194.213.3_80,192.168.7.234_60669,106,106,106_106
192.168.7.39,202.106.0.20,51455,53,17,1,1,62,334,1525251636,8,916,192.168.7.39_51455,202.106.0.20_53,1,1,1_1
192.168.7.179,202.106.0.20,54290,53,17,1,1,57,312,1525251639,8,916,192.168.7.179_54290,202.106.0.20_53,1,1,1_1
192.168.7.131,202.108.23.152,10682,443,6,14,14,4791,1702,1525251652,8,913,192.168.7.131_10682,202.108.23.152_443,38,38,38_38
192.168.7.131,202.108.23.152,10683,443,6,14,13,3571,1243,1525251652,8,913,192.168.7.131_10683,202.108.23.152_443,38,38,38_38
192.168.1.19,163.44.166.218,9264,443,6,5,5,816,380,1525251621,8,913,192.168.1.19_9264,163.44.166.218_443,6,6,6_6
192.168.1.19,163.44.166.218,9299,443,6,4,3,727,132,1525251646,8,913,192.168.1.19_9299,163.44.166.218_443,6,6,6_6
192.168.1.19,163.44.166.218,9300,443,6,4,3,727,132,1525251646,8,913,192.168.1.19_9300,163.44.166.218_443,6,6,6_6
192.168.1.19,163.44.166.218,9304,443,6,4,3,727,132,1525251646,8,913,192.168.1.19_9304,163.44.166.218_443,6,6,6_6
192.168.1.19,163.44.166.218,9301,443,6,4,3,727,132,1525251646,8,913,192.168.1.19_9301,163.44.166.218_443,6,6,6_6
192.168.7.132,202.106.0.20,63580,53,17,1,1,65,461,1525251649,8,916,192.168.7.132_63580,202.106.0.20_53,1,1,1_1
192.168.7.178,202.106.0.20,60771,53,17,1,1,71,126,1525251653,8,916,192.168.7.178_60771,202.106.0.20_53,1,1,1_1
192.168.7.40,202.106.0.20,55261,53,17,1,1,62,334,1525251654,8,916,192.168.7.40_55261,202.106.0.20_53,1,1,1_1
192.168.7.215,114.114.114.114,53855,53,17,2,2,136,378,1525251654,8,916,192.168.7.215_53855,114.114.114.114_53,3,3,3_3
192.168.7.215,114.114.114.114,61761,53,17,2,2,130,488,1525251654,8,916,192.168.7.215_61761,114.114.114.114_53,3,3,3_3
192.168.7.215,114.114.114.114,60589,53,17,2,2,114,444,1525251654,8,916,192.168.7.215_60589,114.114.114.114_53,3,3,3_3
192.168.7.215,114.114.114.114,64766,53,17,2,2,122,346,1525251654,8,916,192.168.7.215_64766,114.114.114.114_53,3,3,3_3
192.168.7.215,114.114.114.114,58288,53,17,4,4,244,416,1525251655,8,916,192.168.7.215_58288,114.114.114.114_53,3,3,3_3
192.168.7.49,202.106.0.20,50572,53,17,1,1,71,126,1525251650,8,916,192.168.7.49_50572,202.106.0.20_53,4,1,1_4
192.168.7.49,202.106.0.20,59890,53,17,1,1,71,126,1525251650,8,916,192.168.7.49_59890,202.106.0.20_53,4,1,1_4
192.168.7.49,202.106.0.20,63693,53,17,1,1,71,126,1525251650,8,916,192.168.7.49_63693,202.106.0.20_53,4,1,1_4
192.168.7.47,202.106.0.20,56588,53,17,1,1,54,353,1525251650,8,916,192.168.7.47_56588,202.106.0.20_53,1,1,1_1
192.168.7.215,114.114.114.114,63298,53,17,4,4,280,540,1525251655,8,916,192.168.7.215_63298,114.114.114.114_53,3,3,3_3
192.168.7.215,114.114.114.114,50821,53,17,2,2,128,192,1525251655,8,916,192.168.7.215_50821,114.114.114.114_53,3,3,3_3
192.168.7.215,114.114.114.114,61299,53,17,4,4,220,688,1525251655,8,916,192.168.7.215_61299,114.114.114.114_53,3,3,3_3
192.168.7.215,114.114.114.114,58922,53,17,4,4,240,724,1525251655,8,916,192.168.7.215_58922,114.114.114.114_53,3,3,3_3
192.168.7.215,114.114.114.114,63688,53,17,4,4,264,956,1525251655,8,916,192.168.7.215_63688,114.114.114.114_53,3,3,3_3
192.168.7.215,114.114.114.114,61406,53,17,4,4,264,484,1525251655,8,916,192.168.7.215_61406,114.114.114.114_53,3,3,3_3
192.168.7.215,114.114.114.114,64353,53,17,4,4,248,476,1525251655,8,916,192.168.7.215_64353,114.114.114.114_53,3,3,3_3
192.168.7.215,114.114.114.114,56669,53,17,4,4,228,780,1525251655,8,916,192.168.7.215_56669,114.114.114.114_53,3,3,3_3
192.168.7.49,8.8.8.8,63693,53,17,1,1,71,126,1525251650,8,916,192.168.7.49_63693,8.8.8.8_53,4,4,4_4
192.168.7.49,8.8.8.8,57471,53,17,1,1,71,126,1525251655,8,916,192.168.7.49_57471,8.8.8.8_53,4,4,4_4
192.168.7.49,8.8.8.8,58031,53,17,1,1,71,126,1525251655,8,916,192.168.7.49_58031,8.8.8.8_53,4,4,4_4
192.168.7.215,202.106.0.20,50569,53,17,2,2,134,594,1525251655,8,916,192.168.7.215_50569,202.106.0.20_53,3,1,1_3
192.168.7.215,114.114.114.114,63348,53,17,4,4,244,404,1525251655,8,916,192.168.7.215_63348,114.114.114.114_53,3,3,3_3
192.168.7.215,114.114.114.114,64365,53,17,3,4,192,428,1525251655,8,916,192.168.7.215_64365,114.114.114.114_53,3,3,3_3
192.168.7.215,114.114.114.114,55513,53,17,4,4,268,960,1525251655,8,916,192.168.7.215_55513,114.114.114.114_53,3,3,3_3
192.168.7.215,114.114.114.114,62312,53,17,4,4,260,500,1525251655,8,916,192.168.7.215_62312,114.114.114.114_53,3,3,3_3
192.168.7.131,202.106.0.20,57824,53,17,1,1,83,355,1525251648,8,916,192.168.7.131_57824,202.106.0.20_53,1,1,1_1
192.168.7.187,202.106.0.20,59003,53,17,0,1,0,526,1525251649,8,916,192.168.7.187_59003,202.106.0.20_53,1,1,1_1
192.168.6.238,202.106.0.20,57223,53,17,1,1,53,352,1525251652,8,916,192.168.6.238_57223,202.106.0.20_53,1,1,1_1
192.168.6.238,202.106.0.20,59633,53,17,1,1,54,353,1525251652,8,916,192.168.6.238_59633,202.106.0.20_53,1,1,1_1
192.168.7.66,202.106.0.20,50988,53,17,1,1,71,126,1525251649,8,916,192.168.7.66_50988,202.106.0.20_53,1,1,1_1
192.168.7.147,202.106.0.20,56887,53,17,1,1,71,126,1525251652,8,916,192.168.7.147_56887,202.106.0.20_53,1,1,1_1
192.168.7.49,202.106.0.20,57471,53,17,1,1,71,126,1525251655,8,916,192.168.7.49_57471,202.106.0.20_53,4,1,1_4
192.168.7.49,202.106.0.20,58031,53,17,1,1,71,126,1525251655,8,916,192.168.7.49_58031,202.106.0.20_53,4,1,1_4
192.168.7.49,202.106.0.20,58949,53,17,1,1,71,126,1525251655,8,916,192.168.7.49_58949,202.106.0.20_53,4,1,1_4
58.251.111.101,192.168.7.212,80,39698,6,4,5,1349,896,1525251619,8,237,58.251.111.101_80,192.168.7.212_39698,107,107,107_107
58.247.204.144,192.168.7.205,80,45610,6,4,5,482,948,1525251628,8,237,58.247.204.144_80,192.168.7.205_45610,108,108,108_108
192.168.7.215,114.114.114.114,50734,53,17,4,4,236,472,1525251655,8,916,192.168.7.215_50734,114.114.114.114_53,3,3,3_3
192.168.7.215,114.114.114.114,64488,53,17,4,4,264,444,1525251655,8,916,192.168.7.215_64488,114.114.114.114_53,3,3,3_3
192.168.7.215,114.114.114.114,53170,53,17,4,4,264,956,1525251657,8,916,192.168.7.215_53170,114.114.114.114_53,3,3,3_3
192.168.7.215,114.114.114.114,56260,53,17,4,4,256,384,1525251657,8,916,192.168.7.215_56260,114.114.114.114_53,3,3,3_3
192.168.7.215,114.114.114.114,50569,53,17,3,3,201,483,1525251657,8,916,192.168.7.215_50569,114.114.114.114_53,3,3,3_3
192.168.7.215,114.114.114.114,60210,53,17,4,4,248,620,1525251657,8,916,192.168.7.215_60210,114.114.114.114_53,3,3,3_3
192.168.7.215,114.114.114.114,49464,53,17,3,3,186,462,1525251657,8,916,192.168.7.215_49464,114.114.114.114_53,3,3,3_3
192.168.7.215,114.114.114.114,62849,53,17,4,4,248,616,1525251657,8,916,192.168.7.215_62849,114.114.114.114_53,3,3,3_3
192.168.7.215,114.114.114.114,64180,53,17,3,3,186,462,1525251657,8,916,192.168.7.215_64180,114.114.114.114_53,3,3,3_3
192.168.7.255,192.168.7.185,137,137,17,0,9,0,702,1525251650,9,388,192.168.7.255_137,192.168.7.185_137,109,109,109_109
192.168.1.204,8.8.8.8,21572,53,17,1,1,59,98,1525251649,8,916,192.168.1.204_21572,8.8.8.8_53,4,4,4_4
192.168.1.204,8.8.8.8,22811,53,17,1,1,59,110,1525251649,8,916,192.168.1.204_22811,8.8.8.8_53,4,4,4_4
192.168.1.204,8.8.8.8,12092,53,17,1,1,59,98,1525251658,8,916,192.168.1.204_12092,8.8.8.8_53,4,4,4_4
192.168.7.220,202.106.0.20,23663,53,17,1,1,65,161,1525251654,8,916,192.168.7.220_23663,202.106.0.20_53,1,1,1_1
192.168.7.220,202.106.0.20,28892,53,17,1,1,65,230,1525251654,8,916,192.168.7.220_28892,202.106.0.20_53,1,1,1_1
192.168.7.202,202.106.0.20,62423,53,17,1,1,72,426,1525251646,8,916,192.168.7.202_62423,202.106.0.20_53,1,1,1_1
192.168.7.202,202.106.0.20,58527,53,17,1,1,67,518,1525251646,8,916,192.168.7.202_58527,202.106.0.20_53,1,1,1_1
192.168.7.195,202.106.0.20,59668,53,17,1,1,71,126,1525251647,8,916,192.168.7.195_59668,202.106.0.20_53,1,1,1_1
192.168.1.111,202.106.0.20,34352,53,17,1,1,55,257,1525251652,8,916,192.168.1.111_34352,202.106.0.20_53,1,1,1_1
192.168.7.94,202.106.0.20,63029,53,17,1,1,71,126,1525251655,8,916,192.168.7.94_63029,202.106.0.20_53,1,1,1_1
192.168.7.222,202.106.0.20,52784,53,17,1,1,62,334,1525251649,8,916,192.168.7.222_52784,202.106.0.20_53,1,1,1_1
192.168.7.222,202.106.0.20,62709,53,17,1,1,62,346,1525251649,8,916,192.168.7.222_62709,202.106.0.20_53,1,1,1_1
192.168.7.228,202.106.0.20,64859,53,17,1,1,71,126,1525251657,8,916,192.168.7.228_64859,202.106.0.20_53,1,1,1_1
192.168.6.175,1.1.1.1,65170,53,17,1,1,56,104,1525251653,8,916,192.168.6.175_65170,1.1.1.1_53,54,54,54_54
192.168.7.215,202.106.0.20,53392,53,17,2,2,136,502,1525251656,8,916,192.168.7.215_53392,202.106.0.20_53,3,1,1_3
192.168.7.215,202.106.0.20,50821,53,17,3,3,192,696,1525251657,8,916,192.168.7.215_50821,202.106.0.20_53,3,1,1_3
192.168.7.215,202.106.0.20,57855,53,17,4,4,248,1912,1525251658,8,916,192.168.7.215_57855,202.106.0.20_53,3,1,1_3
192.168.7.157,123.125.115.99,52420,443,6,3,1,649,52,1525251635,8,913,192.168.7.157_52420,123.125.115.99_443,111,111,111_111
192.168.7.157,123.125.115.99,52428,443,6,3,1,649,52,1525251637,8,913,192.168.7.157_52428,123.125.115.99_443,111,111,111_111
192.168.7.157,123.125.115.99,52433,443,6,2,1,609,52,1525251647,8,913,192.168.7.157_52433,123.125.115.99_443,111,111,111_111
192.168.7.157,123.125.115.99,52431,443,6,3,1,650,52,1525251657,8,913,192.168.7.157_52431,123.125.115.99_443,111,111,111_111
192.168.7.215,202.106.0.20,53855,53,17,4,4,272,1300,1525251660,8,916,192.168.7.215_53855,202.106.0.20_53,3,1,1_3
192.168.7.215,202.106.0.20,61761,53,17,3,4,195,1520,1525251660,8,916,192.168.7.215_61761,202.106.0.20_53,3,1,1_3
192.168.7.233,123.125.9.11,35476,443,6,3,1,342,52,1525251642,8,913,192.168.7.233_35476,123.125.9.11_443,79,79,79_79
192.168.7.157,123.125.81.6,65459,53,17,1,1,59,139,1525251647,8,916,192.168.7.157_65459,123.125.81.6_53,9,9,9_9
192.168.7.157,123.125.81.6,54912,53,17,1,1,90,106,1525251651,8,916,192.168.7.157_54912,123.125.81.6_53,9,9,9_9
192.168.7.157,123.125.81.6,55270,53,17,1,1,90,134,1525251652,8,916,192.168.7.157_55270,123.125.81.6_53,9,9,9_9
192.168.7.215,202.106.0.20,64766,53,17,4,4,244,1692,1525251660,8,916,192.168.7.215_64766,202.106.0.20_53,3,1,1_3
192.168.7.215,202.106.0.20,60589,53,17,4,4,228,1888,1525251660,8,916,192.168.7.215_60589,202.106.0.20_53,3,1,1_3
192.168.7.215,202.106.0.20,62741,53,17,3,3,177,909,1525251660,8,916,192.168.7.215_62741,202.106.0.20_53,3,1,1_3
192.168.7.192,202.106.0.20,59198,53,17,1,1,67,297,1525251660,8,916,192.168.7.192_59198,202.106.0.20_53,1,1,1_1
192.168.6.242,202.106.0.20,54396,53,17,1,1,77,534,1525251656,8,916,192.168.6.242_54396,202.106.0.20_53,1,1,1_1
192.168.7.233,111.161.64.20,46766,443,6,3,1,343,52,1525251645,8,913,192.168.7.233_46766,111.161.64.20_443,112,112,112_112
192.168.7.248,111.206.200.76,43584,80,6,5,3,2620,399,1525251651,8,237,192.168.7.248_43584,111.206.200.76_80,113,113,113_113
192.168.7.47,111.202.114.81,56289,80,6,6,7,1935,572,1525251651,8,237,192.168.7.47_56289,111.202.114.81_80,114,114,114_114
60.9.1.124,192.168.6.237,80,53310,6,5307,3913,7593929,196749,1525251622,8,237,60.9.1.124_80,192.168.6.237_53310,115,115,115_115
192.168.7.49,8.8.8.8,58949,53,17,1,1,71,126,1525251655,8,916,192.168.7.49_58949,8.8.8.8_53,4,4,4_4
192.168.7.49,8.8.8.8,57946,53,17,1,1,71,126,1525251660,8,916,192.168.7.49_57946,8.8.8.8_53,4,4,4_4
192.168.7.49,8.8.8.8,65021,53,17,1,1,71,126,1525251660,8,916,192.168.7.49_65021,8.8.8.8_53,4,4,4_4
192.168.7.215,114.114.114.114,62741,53,17,2,2,118,334,1525251658,8,916,192.168.7.215_62741,114.114.114.114_53,3,3,3_3
192.168.7.215,114.114.114.114,53392,53,17,2,2,136,230,1525251659,8,916,192.168.7.215_53392,114.114.114.114_53,3,3,3_3
58.247.204.141,192.168.7.185,443,62718,6,1,3,52,148,1525251646,8,913,58.247.204.141_443,192.168.7.185_62718,116,116,116_116
61.240.133.7,192.168.7.131,80,10681,6,9,10,8130,590,1525251654,8,237,61.240.133.7_80,192.168.7.131_10681,117,117,117_117
192.168.7.47,202.106.0.20,57447,53,17,1,1,71,385,1525251657,8,916,192.168.7.47_57447,202.106.0.20_53,1,1,1_1
192.168.7.49,202.106.0.20,57946,53,17,1,1,71,126,1525251660,8,916,192.168.7.49_57946,202.106.0.20_53,4,1,1_4
192.168.7.49,202.106.0.20,65021,53,17,1,1,71,126,1525251660,8,916,192.168.7.49_65021,202.106.0.20_53,4,1,1_4
192.168.7.49,202.106.0.20,58345,53,17,1,1,71,126,1525251660,8,916,192.168.7.49_58345,202.106.0.20_53,1,1,1_1
192.168.1.203,172.16.10.3,57388,53,17,5,0,355,0,1525251655,8,916,192.168.1.203_57388,172.16.10.3_53,12,12,12_12
192.168.1.203,172.16.10.3,61457,53,17,5,0,370,0,1525251659,8,916,192.168.1.203_61457,172.16.10.3_53,12,12,12_12
218.12.233.45,192.168.6.237,80,53328,6,3158,1882,4636118,86231,1525251644,8,237,218.12.233.45_80,192.168.6.237_53328,118,118,118_118
192.168.7.233,111.206.25.166,33140,80,6,6,4,1223,406,1525251654,8,237,192.168.7.233_33140,111.206.25.166_80,86,86,86_86
192.168.7.233,111.206.25.166,33142,80,6,5,4,827,362,1525251660,8,237,192.168.7.233_33142,111.206.25.166_80,86,86,86_86
192.168.7.157,111.206.76.34,52432,443,6,20,50,3265,22418,1525251660,8,913,192.168.7.157_52432,111.206.76.34_443,100,100,100_100
211.144.24.150,192.168.7.220,443,47703,6,1,3,52,296,1525251635,8,913,211.144.24.150_443,192.168.7.220_47703,119,119,119_119
192.168.7.38,120.92.15.24,52066,443,6,3,1,645,48,1525251641,8,913,192.168.7.38_52066,120.92.15.24_443,24,24,24_24
192.168.7.38,120.92.15.24,52069,443,6,3,1,645,48,1525251650,8,913,192.168.7.38_52069,120.92.15.24_443,24,24,24_24
192.168.7.34,111.206.37.178,5879,80,6,4,5,443,433,1525251623,8,237,192.168.7.34_5879,111.206.37.178_80,93,93,93_93
192.168.7.34,111.206.37.178,5883,80,6,4,5,426,433,1525251623,8,237,192.168.7.34_5883,111.206.37.178_80,93,93,93_93
192.168.7.34,111.206.37.178,5872,80,6,6,6,543,1112,1525251632,8,237,192.168.7.34_5872,111.206.37.178_80,93,93,93_93
192.168.7.34,111.206.37.178,5873,80,6,7,11,571,11580,1525251632,8,237,192.168.7.34_5873,111.206.37.178_80,93,93,93_93
192.168.7.201,202.106.0.20,5932,53,17,1,1,72,430,1525251660,8,916,192.168.7.201_5932,202.106.0.20_53,1,1,1_1
192.168.7.68,114.114.114.114,65169,53,17,1,1,67,162,1525251646,8,916,192.168.7.68_65169,114.114.114.114_53,3,3,3_3
224.0.0.251,192.168.7.234,0,0,2,0,1,0,32,1525251643,8,1676,224.0.0.251_0,192.168.7.234_0,120,120,120_120
218.12.228.225,192.168.6.237,80,53305,6,4,5,1091,617,1525251632,8,237,218.12.228.225_80,192.168.6.237_53305,121,121,121_121
192.168.7.157,123.125.81.6,61965,53,17,1,1,68,112,1525251660,8,916,192.168.7.157_61965,123.125.81.6_53,9,9,9_9
192.168.7.246,218.11.2.115,36302,443,6,3,1,307,60,1525251651,7,250,192.168.7.246_36302,218.11.2.115_443,36,36,36_36
192.168.7.246,218.11.2.115,36304,443,6,3,1,307,60,1525251651,7,250,192.168.7.246_36304,218.11.2.115_443,36,36,36_36
192.168.7.246,218.11.2.115,36305,443,6,3,1,307,60,1525251651,7,250,192.168.7.246_36305,218.11.2.115_443,36,36,36_36
192.168.7.202,123.126.122.29,58836,443,6,3,1,661,52,1525251646,8,913,192.168.7.202_58836,123.126.122.29_443,123,123,123_123
192.168.7.219,202.106.0.20,53379,53,17,1,1,69,235,1525251660,8,916,192.168.7.219_53379,202.106.0.20_53,1,1,1_1
192.168.7.38,123.125.80.70,52047,80,6,5,4,666,552,1525251617,8,237,192.168.7.38_52047,123.125.80.70_80,124,124,124_124
192.168.7.187,111.221.29.254,3281,443,6,3,4,348,3939,1525251649,8,913,192.168.7.187_3281,111.221.29.254_443,125,125,125_125
192.168.7.25,123.125.52.211,57482,443,6,3,1,649,52,1525251641,8,913,192.168.7.25_57482,123.125.52.211_443,126,126,126_126
192.168.7.233,123.125.110.18,56212,443,6,3,1,365,60,1525251644,8,913,192.168.7.233_56212,123.125.110.18_443,127,127,127_127
192.168.7.220,119.29.29.29,51935,80,6,5,3,432,312,1525251637,8,237,192.168.7.220_51935,119.29.29.29_80,128,128,128_128
192.168.7.192,111.230.164.77,50067,443,6,2,1,609,52,1525251660,8,913,192.168.7.192_50067,111.230.164.77_443,129,129,129_129
192.168.7.186,13.78.94.7,9495,443,6,3,5,355,5696,1525251609,8,913,192.168.7.186_9495,13.78.94.7_443,8,8,8_8
192.168.7.233,123.125.9.36,37428,80,6,23,60,2436,85997,1525251645,8,237,192.168.7.233_37428,123.125.9.36_80,131,131,131_131
192.168.7.233,123.125.9.36,37430,80,6,38,62,3412,82358,1525251645,8,237,192.168.7.233_37430,123.125.9.36_80,131,131,131_131
192.168.7.233,123.125.9.36,37426,80,6,21,59,1820,80437,1525251645,8,237,192.168.7.233_37426,123.125.9.36_80,131,131,131_131
192.168.6.225,123.125.54.246,55587,80,6,5,4,831,562,1525251658,8,237,192.168.6.225_55587,123.125.54.246_80,132,132,132_132
192.168.7.233,111.206.25.152,35738,443,6,3,1,345,52,1525251641,8,913,192.168.7.233_35738,111.206.25.152_443,134,134,134_134
192.168.7.233,111.206.25.152,35750,443,6,3,1,345,52,1525251644,8,913,192.168.7.233_35750,111.206.25.152_443,134,134,134_134
192.168.7.116,202.106.0.20,54126,53,17,1,1,71,388,1525251659,8,916,192.168.7.116_54126,202.106.0.20_53,1,1,1_1
192.168.7.116,202.106.0.20,59384,53,17,1,1,61,375,1525251659,8,916,192.168.7.116_59384,202.106.0.20_53,1,1,1_1
192.168.1.112,202.106.0.20,59514,53,17,1,1,55,257,1525251659,8,916,192.168.1.112_59514,202.106.0.20_53,1,1,1_1
192.168.7.233,123.126.122.29,48268,80,6,5,4,1299,1185,1525251644,8,237,192.168.7.233_48268,123.126.122.29_80,135,135,135_135
192.168.7.220,106.11.53.98,35518,80,6,5,4,426,493,1525251646,8,237,192.168.7.220_35518,106.11.53.98_80,136,136,136_136
192.168.1.204,8.8.8.8,32748,53,17,1,1,59,110,1525251658,8,916,192.168.1.204_32748,8.8.8.8_53,4,4,4_4
192.168.7.147,202.106.0.20,55560,53,17,1,1,73,504,1525251660,8,916,192.168.7.147_55560,202.106.0.20_53,1,1,1_1
192.168.7.183,1.1.1.1,60475,53,17,5,0,285,0,1525251633,8,916,192.168.7.183_60475,1.1.1.1_53,54,54,54_54
192.168.7.157,111.206.76.31,52422,443,6,3,19,663,988,1525251635,8,913,192.168.7.157_52422,111.206.76.31_443,19,19,19_19
192.168.7.157,111.206.76.31,52423,443,6,3,19,663,988,1525251635,8,913,192.168.7.157_52423,111.206.76.31_443,19,19,19_19
192.168.7.157,111.206.76.31,52424,443,6,2,21,92,1220,1525251635,8,913,192.168.7.157_52424,111.206.76.31_443,19,19,19_19
192.168.7.116,122.193.207.31,10206,80,6,4,4,405,399,1525251608,8,237,192.168.7.116_10206,122.193.207.31_80,71,71,71_71
192.168.7.221,58.247.204.139,53604,80,6,5,4,983,494,1525251620,8,237,192.168.7.221_53604,58.247.204.139_80,138,138,138_138
192.168.7.221,58.247.204.139,53605,80,6,5,4,983,494,1525251637,8,237,192.168.7.221_53605,58.247.204.139_80,138,138,138_138
192.168.7.185,114.114.114.114,59285,53,17,1,1,63,95,1525251656,8,916,192.168.7.185_59285,114.114.114.114_53,3,3,3_3
192.168.7.116,111.230.214.171,10208,80,6,4,4,358,435,1525251659,8,237,192.168.7.116_10208,111.230.214.171_80,139,139,139_139
192.168.7.157,123.125.115.99,52441,443,6,3,2,649,92,1525251660,8,913,192.168.7.157_52441,123.125.115.99_443,111,111,111_111
192.168.7.220,106.11.95.4,51987,443,6,3,1,657,52,1525251638,8,913,192.168.7.220_51987,106.11.95.4_443,141,141,141_141
192.168.7.220,106.11.95.4,51988,443,6,3,1,657,52,1525251638,8,913,192.168.7.220_51988,106.11.95.4_443,141,141,141_141
192.168.6.225,202.106.0.20,64564,53,17,1,1,59,207,1525251654,8,916,192.168.6.225_64564,202.106.0.20_53,1,1,1_1
192.168.6.225,202.106.0.20,55363,53,17,1,1,65,302,1525251658,8,916,192.168.6.225_55363,202.106.0.20_53,1,1,1_1
192.168.6.225,202.106.0.20,54689,53,17,1,1,58,291,1525251658,8,916,192.168.6.225_54689,202.106.0.20_53,1,1,1_1
192.168.7.240,106.11.250.133,52808,443,6,3,1,1178,52,1525251643,8,913,192.168.7.240_52808,106.11.250.133_443,142,142,142_142
192.168.6.253,211.159.155.139,51808,80,6,35,13,44358,735,1525251618,8,237,192.168.6.253_51808,211.159.155.139_80,144,144,144_144
192.168.6.254,122.193.207.52,60990,80,6,4,4,225,562,1525251645,8,237,192.168.6.254_60990,122.193.207.52_80,145,145,145_145
192.168.7.220,211.144.24.231,59311,443,6,3,1,315,52,1525251635,8,913,192.168.7.220_59311,211.144.24.231_443,147,147,147_147
192.168.7.220,211.144.24.231,59319,443,6,3,1,315,52,1525251636,8,913,192.168.7.220_59319,211.144.24.231_443,147,147,147_147
192.168.7.202,106.11.42.152,58832,80,6,7,5,977,1592,1525251631,5,230,192.168.7.202_58832,106.11.42.152_80,148,148,148_148
192.168.6.175,114.114.114.114,65170,53,17,1,1,56,72,1525251653,8,916,192.168.6.175_65170,114.114.114.114_53,54,3,3_54
192.168.6.175,114.114.114.114,62607,53,17,1,1,72,167,1525251659,8,916,192.168.6.175_62607,114.114.114.114_53,54,3,3_54
218.241.149.77,192.168.7.140,80,60716,6,3,4,261,1115,1525251605,8,237,218.241.149.77_80,192.168.7.140_60716,149,149,149_149
192.168.6.254,114.114.114.114,57262,53,17,1,1,52,84,1525251635,8,916,192.168.6.254_57262,114.114.114.114_53,3,3,3_3
192.168.6.254,114.114.114.114,62800,53,17,1,1,72,170,1525251636,8,916,192.168.6.254_62800,114.114.114.114_53,3,3,3_3
192.168.6.254,114.114.114.114,51426,53,17,1,1,55,103,1525251645,8,916,192.168.6.254_51426,114.114.114.114_53,3,3,3_3
192.168.7.47,122.193.207.23,56291,80,6,4,4,546,514,1525251657,8,237,192.168.7.47_56291,122.193.207.23_80,151,151,151_151
192.168.7.144,106.11.47.20,59409,80,6,9,12,4218,1373,1525251616,2,262,192.168.7.144_59409,106.11.47.20_80,152,152,152_152
192.168.7.157,112.65.74.129,52437,443,6,2,1,609,52,1525251653,8,913,192.168.7.157_52437,112.65.74.129_443,103,103,103_103
192.168.6.238,122.193.207.23,55579,80,6,4,4,545,514,1525251623,8,237,192.168.6.238_55579,122.193.207.23_80,151,151,151_151
219.238.237.136,192.168.7.45,80,57766,6,6,5,649,1789,1525251649,8,237,219.238.237.136_80,192.168.7.45_57766,153,153,153_153
192.168.7.157,114.114.114.114,54912,53,17,1,1,90,106,1525251649,8,916,192.168.7.157_54912,114.114.114.114_53,9,3,3_9
203.208.50.36,192.168.7.147,443,59710,6,1,3,52,649,1525251660,8,913,203.208.50.36_443,192.168.7.147_59710,154,154,154_154
211.144.24.64,192.168.7.220,443,54452,6,1,3,52,314,1525251634,8,913,211.144.24.64_443,192.168.7.220_54452,155,155,155_155
192.168.7.157,211.90.25.49,52429,443,6,3,28,666,1456,1525251640,8,913,192.168.7.157_52429,211.90.25.49_443,29,29,29_29
192.168.6.238,122.193.207.34,55581,80,6,12,11,4761,8250,1525251641,8,237,192.168.6.238_55581,122.193.207.34_80,156,156,156_156
192.168.7.223,123.126.122.29,55542,443,6,3,1,415,60,1525251614,8,913,192.168.7.223_55542,123.126.122.29_443,123,123,123_123
192.168.7.234,223.252.199.66,60662,443,6,11,8,4159,1134,1525251643,8,913,192.168.7.234_60662,223.252.199.66_443,83,83,83_83
192.168.7.234,223.252.199.66,60665,443,6,2,3,253,309,1525251643,8,913,192.168.7.234_60665,223.252.199.66_443,83,83,83_83
192.168.7.233,180.76.76.76,41392,53,17,1,1,59,75,1525251646,8,916,192.168.7.233_41392,180.76.76.76_53,76,76,76_76
192.168.7.233,180.76.76.76,60976,53,17,1,1,60,141,1525251654,8,916,192.168.7.233_60976,180.76.76.76_53,76,76,76_76
192.168.6.254,122.193.207.31,60976,80,6,4,4,403,399,1525251621,8,237,192.168.6.254_60976,122.193.207.31_80,71,71,71_71
192.168.7.189,17.253.27.201,57050,80,6,5,4,391,912,1525251609,8,237,192.168.7.189_57050,17.253.27.201_80,157,157,157_157
192.168.7.3,119.29.47.96,54165,80,6,4,4,457,358,1525251647,8,237,192.168.7.3_54165,119.29.47.96_80,159,159,159_159
192.168.7.3,119.29.47.96,54166,80,6,4,4,457,358,1525251647,8,237,192.168.7.3_54166,119.29.47.96_80,159,159,159_159
221.228.204.93,192.168.6.254,80,60991,6,4,4,562,225,1525251645,8,237,221.228.204.93_80,192.168.6.254_60991,160,160,160_160
192.168.7.220,58.83.230.158,43778,443,6,3,1,319,52,1525251635,8,913,192.168.7.220_43778,58.83.230.158_443,162,162,162_162
192.168.7.220,58.83.230.158,43786,443,6,2,1,259,52,1525251636,8,913,192.168.7.220_43786,58.83.230.158_443,162,162,162_162
192.168.7.215,110.76.54.11,62605,443,6,3,1,396,64,1525251631,8,913,192.168.7.215_62605,110.76.54.11_443,163,163,163_163
192.168.7.215,140.205.61.57,63165,443,6,3,1,232,52,1525251630,8,913,192.168.7.215_63165,140.205.61.57_443,43,43,43_43
192.168.7.215,140.205.61.57,63164,443,6,3,1,232,52,1525251630,8,913,192.168.7.215_63164,140.205.61.57_443,43,43,43_43
192.168.6.254,122.193.207.53,60992,80,6,4,4,225,562,1525251646,8,237,192.168.6.254_60992,122.193.207.53_80,164,164,164_164
192.168.7.220,42.120.158.42,38085,443,6,3,1,306,60,1525251642,8,913,192.168.7.220_38085,42.120.158.42_443,166,166,166_166
192.168.7.220,42.120.158.42,38086,443,6,3,1,306,60,1525251642,8,913,192.168.7.220_38086,42.120.158.42_443,166,166,166_166
192.168.6.237,104.78.82.52,53320,443,6,2,5,92,4308,1525251620,8,913,192.168.6.237_53320,104.78.82.52_443,167,167,167_167
192.168.7.157,211.90.25.48,52393,443,6,7,20,959,5120,1525251624,8,913,192.168.7.157_52393,211.90.25.48_443,32,32,32_32
219.238.237.135,192.168.7.140,80,60717,6,3,4,396,1287,1525251649,8,237,219.238.237.135_80,192.168.7.140_60717,168,168,168_168
192.168.7.185,52.1.5.172,62716,443,6,10,9,1117,4065,1525251654,8,913,192.168.7.185_62716,52.1.5.172_443,170,170,170_170
192.168.7.185,52.1.5.172,62732,443,6,2,5,312,3570,1525251657,8,913,192.168.7.185_62732,52.1.5.172_443,170,170,170_170
192.168.1.19,8.8.8.8,49679,53,17,1,1,77,188,1525251645,8,916,192.168.1.19_49679,8.8.8.8_53,4,4,4_4
192.168.7.205,114.114.114.114,13582,53,17,1,1,81,156,1525251607,8,916,192.168.7.205_13582,114.114.114.114_53,3,3,3_3
192.168.7.205,114.114.114.114,19386,53,17,1,1,81,156,1525251607,8,916,192.168.7.205_19386,114.114.114.114_53,3,3,3_3
192.168.7.205,114.114.114.114,29897,53,17,1,1,59,129,1525251607,8,916,192.168.7.205_29897,114.114.114.114_53,3,3,3_3
192.168.7.205,114.114.114.114,17642,53,17,1,1,59,129,1525251607,8,916,192.168.7.205_17642,114.114.114.114_53,3,3,3_3
192.168.7.240,114.114.114.114,59696,53,17,1,1,65,130,1525251643,8,916,192.168.7.240_59696,114.114.114.114_53,3,3,3_3
192.168.7.187,52.138.216.83,3280,443,6,14,14,2543,4819,1525251645,8,913,192.168.7.187_3280,52.138.216.83_443,172,172,172_172
192.168.7.196,106.75.23.102,45180,443,6,3,1,681,60,1525251610,8,913,192.168.7.196_45180,106.75.23.102_443,174,174,174_174
192.168.7.196,106.75.23.102,45181,443,6,3,1,681,60,1525251610,8,913,192.168.7.196_45181,106.75.23.102_443,174,174,174_174
192.168.7.202,17.248.158.176,58837,443,6,3,1,419,60,1525251646,8,913,192.168.7.202_58837,17.248.158.176_443,175,175,175_175
192.168.7.196,120.132.60.202,55133,443,6,3,1,681,60,1525251610,8,913,192.168.7.196_55133,120.132.60.202_443,176,176,176_176
192.168.6.254,120.92.32.150,60993,80,6,4,4,224,562,1525251646,8,237,192.168.6.254_60993,120.92.32.150_80,177,177,177_177
23.42.177.73,192.168.7.223,443,55543,6,1,3,60,412,1525251614,8,913,23.42.177.73_443,192.168.7.223_55543,178,178,178_178
192.168.7.220,120.52.148.150,40364,443,6,3,1,321,52,1525251635,8,913,192.168.7.220_40364,120.52.148.150_443,180,180,180_180
192.168.7.220,120.52.148.150,40365,443,6,3,1,657,52,1525251635,8,913,192.168.7.220_40365,120.52.148.150_443,180,180,180_180
52.229.170.171,192.168.1.19,443,9312,6,6,3,6743,352,1525251619,8,913,52.229.170.171_443,192.168.1.19_9312,181,181,181_181
61.135.189.215,192.168.7.157,80,52438,6,11,11,1760,3567,1525251656,8,237,61.135.189.215_80,192.168.7.157_52438,182,182,182_182
54.222.194.140,192.168.7.201,443,45432,6,1,3,60,352,1525251660,8,913,54.222.194.140_443,192.168.7.201_45432,183,183,183_183
223.167.104.147,192.168.7.185,80,62717,6,4,5,1281,1026,1525251647,8,237,223.167.104.147_80,192.168.7.185_62717,184,184,184_184
54.65.128.244,192.168.7.200,443,52254,6,1,3,60,685,1525251603,8,913,54.65.128.244_443,192.168.7.200_52254,185,185,185_185
192.168.7.185,13.107.4.52,62715,80,6,5,4,366,858,1525251645,8,237,192.168.7.185_62715,13.107.4.52_80,186,186,186_186
192.168.6.175,1.1.1.1,62607,53,17,1,1,72,170,1525251659,8,916,192.168.6.175_62607,1.1.1.1_53,54,54,54_54
192.168.7.223,17.171.98.3,55538,443,6,3,1,416,60,1525251614,8,913,192.168.7.223_55538,17.171.98.3_443,187,187,187_187
192.168.7.202,17.248.152.44,58826,443,6,3,1,421,60,1525251627,8,913,192.168.7.202_58826,17.248.152.44_443,188,188,188_188
192.168.7.223,17.139.246.6,55539,443,6,3,1,377,52,1525251614,8,913,192.168.7.223_55539,17.139.246.6_443,189,189,189_189
192.168.7.202,17.248.160.18,58835,443,6,2,4,116,3112,1525251637,8,913,192.168.7.202_58835,17.248.160.18_443,190,190,190_190
52.229.172.155,192.168.7.131,443,10684,6,6,3,6743,352,1525251648,8,913,52.229.172.155_443,192.168.7.131_10684,191,191,191_191
219.238.237.133,192.168.6.242,80,54684,6,4,4,378,482,1525251632,8,237,219.238.237.133_80,192.168.6.242_54684,192,192,192_192
192.168.7.233,140.206.160.226,41670,80,6,5,4,566,574,1525251644,8,237,192.168.7.233_41670,140.206.160.226_80,193,193,193_193
203.208.41.90,192.168.7.97,443,56125,6,1,2,52,328,1525251610,8,913,203.208.41.90_443,192.168.7.97_56125,194,194,194_194
203.208.50.95,192.168.7.147,443,59670,6,1,3,52,649,1525251616,8,913,203.208.50.95_443,192.168.7.147_59670,195,195,195_195
8.8.4.4,192.168.7.144,53,57661,17,1,1,166,59,1525251608,8,916,8.8.4.4_53,192.168.7.144_57661,-1,4,-1_4
203.208.50.46,192.168.7.223,443,55544,6,1,3,60,416,1525251615,8,913,203.208.50.46_443,192.168.7.223_55544,197,197,197_197
192.168.7.116,211.159.155.139,10207,80,6,4,3,355,310,1525251659,8,237,192.168.7.116_10207,211.159.155.139_80,144,144,144_144
192.168.7.220,42.120.158.41,37898,443,6,3,1,307,60,1525251642,8,913,192.168.7.220_37898,42.120.158.41_443,81,81,81_81
192.168.7.194,119.29.49.207,58543,80,6,4,4,463,358,1525251639,8,237,192.168.7.194_58543,119.29.49.207_80,73,73,73_73
192.168.6.175,119.29.49.207,12061,80,6,4,4,537,440,1525251659,8,237,192.168.6.175_12061,119.29.49.207_80,73,73,73_73
192.168.7.223,17.248.160.21,55541,443,6,3,1,407,60,1525251614,8,913,192.168.7.223_55541,17.248.160.21_443,198,198,198_198
192.168.7.202,17.250.120.232,58833,443,6,3,1,405,60,1525251634,8,913,192.168.7.202_58833,17.250.120.232_443,199,199,199_199
192.168.6.242,110.173.196.58,54673,443,6,3,1,649,52,1525251613,5,351,192.168.6.242_54673,110.173.196.58_443,200,200,200_200
40.121.213.159,192.168.1.19,443,9318,6,5,2,5946,294,1525251646,8,913,40.121.213.159_443,192.168.1.19_9318,201,201,201_201
192.168.6.237,101.28.134.19,53303,80,6,8,8,672,6599,1525251601,8,237,192.168.6.237_53303,101.28.134.19_80,202,202,202_202
192.168.6.237,161.69.13.155,53308,443,6,6,6,482,6088,1525251603,8,913,192.168.6.237_53308,161.69.13.155_443,203,203,203_203
192.168.6.242,52.138.216.83,54706,443,6,3,4,346,3865,1525251656,8,913,192.168.6.242_54706,52.138.216.83_443,172,172,172_172
192.168.7.202,119.188.151.8,58827,443,6,3,1,388,52,1525251627,5,668,192.168.7.202_58827,119.188.151.8_443,204,204,204_204
192.168.7.220,110.75.129.11,39142,443,6,3,1,299,60,1525251636,5,252,192.168.7.220_39142,110.75.129.11_443,64,64,64_64
